00049a90c8d583590f0e34cc8d243b9058680282.png,
002f5f0433205aa64cff98d3b6d09b0a4dbadb2e.png,
00481da2cfefa11e0b05dd091e63b26d7a6337e5.png,
00594801342c4e12784a6eddd7dac46ee02fd698.png,
0065aaedb8eb38443f1e5a186137797c49dea80c.png,
0086a92861d8b6d6588abb1469a1323b5eb3274f.png,
008a87d710d0010ffdf1f563633c3df8f255ed25.png,
009460d78f0dc56e6d2321e86430d218f05f9598.png,
00a5a0c468a8c18ad2b1b19089f7f5c7f86d0fe9.png,
00b6e9b31b43481a0436ee5dedadef685f7c5fc0.png,
013da32db30d394a00f32d5a84eaac6ae1891406.png,
01649950c2a5589b6b2d694a4d06e6bafe95cdf7.png,
017018c41dd171088dc00a25537e67dc3b743d17.png,
01773b7b460b3754d7f665d879f03730beea89c0.png,
017cc4c4a01ef5564d2ad645e96720e3f2e57f0a.png,
01ece9dfbfcbaeff5f84b8c07e0be4b401658164.png,
0223cf657ac92d9fd6319d2c548a7ea2f73463cb.png,
024297ca7efcd12bf068eb42a0db10ed307d535f.png,
024725396ae1566a331f2356a23dc051232aba5a.png,
03e08625e2f39a49cf4f7e9aadc6455123b91a46.png,
03eb9d136309fb0f8fb0f14000e54537c7f44750.png,
045ad6713ab6838e10155b5a661e6a8281a615fa.png,
045c0f71d80d54330ceb0a48dc6186bb85d5d9fc.png,
048a528ef26f13faf146ccf43806becaa218e204.png,
048f065f688ae19cc469a97e08672a7fdf68a6bb.png,
04b9dc9afea08dd3dab5a64d2c16efcd473eb406.png,
04c7b2fab70f9c932477a4395ef578c65176c3d3.png,
04f1ec53b0b468e0f80876f65b30bdfe5796cf25.png,
04f62a26fc3bcd5c622868bfa16c55ac2aead251.png,
055a5069704937c601031889d2595e10052c705b.png,
056077552e79060b7b07c20c3ff42687e54520d4.png,
0568ce7c58f54a096badaa72b0a6c2dcfc951d81.png,
0587712f4a932f03f31ec1c640882f104cf8bfe8.png,
05a274de93aeea14f71e1533e74bf2d6141a3036.png,
05be137b91ecf0b3680b17bb1af50c8aa964c133.png,
05d63b4f8a2c9c569761b27497eb1249847e2791.png,
05e9881e74135442080583946244d189cf6b4644.png,
06669deb5d2360691241bc80d41fbe91eed47c2e.png,
066d0d1df00ec17e23fb8566615a33257b564370.png,
06766ecbe1e119d490b236335613263816e78473.png,
069862d2f46e9cda50d329294819b2bcd48e6efd.png,
06e6ce3aac8ecc0f439a0d1738ecdb9d4252effc.png,
06ea93114221956ab17d941fa902b4f910474576.png,
06fb770cdd8f74d529446f964445a2c719bc61f7.png,
0703a26dd5c24c6f22eb35fa50f8142f9f9e6a5a.png,
0707770b3b6e4e57bccbd560aa307dd69c7cdff6.png,
0710abee8b999bec561329bd9f06011c3b7705ff.png,
074666dbef7d5ec0e086858ab5f2251e57085620.png,
0749b8d77519ba498a9f8ac02a412334ff9b4488.png,
077ec86be7896522fa4a89b6d1e31e7f269ce61d.png,
07c95a55c012c5c1bf3b598c52e85b3dce384dd8.png,
080b90e9bba2f4d52205341cfe826485a696bb09.png,
083e28bca154fc185fde1476a8f8c09cfe8a3bf6.png,
084fcb080656f35cc30a6ffdc534b982478970f0.png,
0863dbf82eb0f335a484d845d0e97548b44d20b3.png,
087e3f66240897080f06724e515e45c6234a662e.png,
087ffa2a511b6d86ade8f69fbf3905c130e9fcbc.png,
0908cf9230524b0095915314d2e43a054474c0e8.png,
09112cfb6e79745f3bc485407a76122e59517806.png,
093230e9046879a92173b44f4e50540baeaeecb7.png,
094864775447d04ab6949c7a4c7d89b1f28250bc.png,
097dc11943554c7580e98cb793249c933444fe93.png,
0980a8baa1e7e25f68a3be30faffa5baa125c01d.png,
0997f65d1ebae0493225bcafcccb2b9aba2ef5ef.png,
099c66664abba5a558bb76718f920e24b4328fb7.png,
09c65c249185060a30fbb058a445d83a77d2e3e5.png,
0a3dc37ada7d0dd490b5c58b975f7e70eca6105b.png,
0a4042e16f61fff8c7a8a28b9dd1612ba030ac08.png,
0a6f121562c9a29c0d9acc6285d319876976250d.png,
0a7e45402b8c84974401575e793bfe4b549233c0.png,
0abd47547970f8ea71f7aa36653fd1896abb7092.png,
0afaa7b3012722ef4ccbd07662aef4093e5f4f36.png,
0b023ed9ec075b63d762d28385392776f9506e9a.png,
0b48e20074c7fe0d5fac412ebc958097e8528136.png,
0b4b640f74f93063f470f6653dea2e1c6d7660fe.png,
0b6d758072e3a26f989ab205d259e11049f4cdde.png,
0b8e7eeb325e96bde9989f944a2885fa980c59af.png,
0bb6f82dfc66bacbf5f9c93eeea3a493bb24d2be.png,
0bc311b528fda34d5cf83f8e0ba948319a3aa755.png,
0be8ed4b5e6e42344bcad14e5ed27db609060988.png,
0c00e82d8d095e624e497c9cb8fe23e775f0dbd9.png,
0c3adf8139ff7c4b29e6bd5ea5ad7799461671c1.png,
0c6d187b371ceffd04634872d12c9358bf82cf2d.png,
0c718cd033cf42c3ee0dada76c5bd0994542527d.png,
0c734b8707684dfb62d6b3198158fa75db088989.png,
0c9c6ccc674eb1c03633aa9f335ff8709ebce42d.png,
0d2f620733071d476aef7379b84c92f5613351db.png,
0d46c52f583b519b7a67893fa3a011a2c39534b8.png,
0d632200dfd641c18e297c7ad0e63dd45c9563c4.png,
0d732f948394115b15b131659adb687d02be2c7d.png,
0d7c14a8b441028e023a7448a81fc449edf91dae.png,
0da3fb1bc11cc3963b8fdbfa1cdd8f4cd195074f.png,
0dba4381b30156a51536da35a202ed30b5844179.png,
0dcc7a430576a190d04dc3d58eccefba5b018084.png,
0de9cb611d5fc16de672bf5c21c05245a653587e.png,
0e18674c67206479e0e8276bff2ff155af323df1.png,
0e1fa116de62a28c0f6363775dcbfb88a6504b1e.png,
0e596a84601a1bd2100529d808d4269726dbf788.png,
0e9e0a792d31a2de7d0f67f28c0d4ea1e379d1a7.png,
0ea1b7f7fe5d9b869188e331cc8afff680facce6.png,
0ed52a171b787e769d8f3c5d13be77d4f6af958b.png,
0f021049bf500259b96beb5ac56f5361457f66d8.png,
0f0aa4e55095e90be22336bf7061903aaee76272.png,
0f3e78e32b9be44ca95d72c07d351ff3a2f24e7f.png,
0f61819432533c0c0eb6bd5256d20be0f369fea9.png,
0f90966d12af247c372c8ac7cec33e718102312d.png,
0f94739063995faaca19b0ec42269d19c85d2e08.png,
1006f16a3d1bd97308e66187c0f3af65f1fd5bca.png,
100b306fed34e8dcb5cfd2a7a3c6defcb1bf9c0d.png,
100c955d6be9d284f2b9d2fddd06398871df2877.png,
101b215fa828aca080c386b37ca6acf50ad68574.png,
1023da5ad917fb8296f8b8e6fbe13faffac46572.png,
1045bffea58a3a831e148446c02ccceb9cf72def.png,
1056eac2c8a4a56a4994ffa412a9d9b1c8251938.png,
10987da217f55469a5ba3e055765c4875b58c210.png,
10a78e74d8fea2d432359e35f1a4485f548570f3.png,
10aa003330c6519823e765406e13bcadccfd7b47.png,
10ac9e32c4e8a76a9e0c1743eaab81cc7878c402.png,
10c972eaf28ae361cd502e6ad7e10d646a1ca768.png,
11090cad46ae6404623f82543750f385c49e2bf9.png,
110c9c558fa5a464c95b14c50044503e093aa619.png,
1124d23371a77ea64e8cf4e6dda190757da44eb1.png,
11581ae032c68d93ec10fc08c570addd7830ba19.png,
1165cacf192169839e2982b782dc08ec5eb33bb3.png,
116c64594a3d0705310c32c84d5abb1ed61e9a15.png,
1188abff2fb92e1dd491e7abb5ff627deda5e557.png,
11d5b7e5e5d6516a9b6f31e1199dc673c7868927.png,
11e07adcea964b30f4b49cbcf3ac6c98069ce8ff.png,
1214da74dd3621693febdf44db869046962024e2.png,
122d7c53b233c2eebcbe73f9114bfbddc434881f.png,
1230772bf27279f01b1b92234cf178eea4beed84.png,
123d78ad804dca9342cb2a9bc96d3fda367c0763.png,
124ca6a46479de95534c354937d42853f0d53bda.png,
126836c9ad8ab030113c912b345a53018876502d.png,
12685884d18d34c982182208c1d82c75ebe77d3b.png,
126f7ff7b28c100433c14176dabb6a457cf29d92.png,
129c9386171b176b471b89c3f8f7fecb560f6aa7.png,
12a2eb6698c91a4146e4da14bcd1a10165366aab.png,
12b5fda3a2646e3481f0b807a34ca39a8db5c20b.png,
12ca640584dfe1514c0370e2572e82e203089950.png,
12d9945a9ee9c6dc2d66f38efd4aa6052f363f2e.png,
13015ff9618461b7981dd2b5321fd53b437bb72c.png,
130985172679350bfb3332bc0938075233750b7a.png,
132a35ee134e85ca6c0a4c3bbcace2121b2ef96d.png,
1333094f2be111fe78707efdc9ab9647b617a693.png,
13581ffd9f9cc6261b06b9ca2f64a2ebd77696f0.png,
138f54ea1539b1a06f2e79e0cecd523052339f75.png,
139071d8f80d20c8d39a05de3dfcdd5b18ca1b66.png,
13b2c47115feca36f59dc9117b4eb7aee08c316d.png,
13ef832917dde1c8bb2257e9d16adb4ec185e741.png,
13f5afce8969b3de8ddbf1325035b290674dfa33.png,
140b9c5ba5e8610848d63e7a7d35b1f04dbcfd3e.png,
142cfe56572bd78a7a0bb30d44b97d46b5390778.png,
1444b47df884430ed45557c21b5a33f209e84b0e.png,
14aa958ee66610e45cd2a574b144cd55a8074b0f.png,
14c97c49efc07670ca54eda5babf611908fda81e.png,
14fa4e28f995015998e2a3975fe3f0c905972a5c.png,
1516753f9ccaaf7db0a06a069c0b2d5c98d39dae.png,
153fd782b440468dbc93f500a2d923e8837460ca.png,
154f2b71d93830730b5d9ceee04161d4b695cb38.png,
156c1aae708cd8bdcee7d108525b0284f435e066.png,
1578977f263327abc9a06fd794c28fb060b74226.png,
158b3ac00954ab3fc10330bad451e300f2b0bc0b.png,
15a9651c484f52a92d79e22c1895f7e82a20a77e.png,
15bc6962ecec50e24c0f0ed400b0a47416178f22.png,
160d0746b75fe8c4cf4748fa294694d688f9d981.png,
16195c6d6a4cc7bd13e2c85484b3e85d1a162841.png,
16307f1d36eb21c57e8e3647d86dd7ce4c6b2764.png,
16346d29516e42444e4a1070ae9c7bcd9fbfbcd8.png,
1644b58c994041acdd8f673b01f40c4829626952.png,
1651eb701732b41ba7c6738a2f45644b9bb74cfd.png,
166c0156825f58fbad340accadf136d70ccd5433.png,
167420ffdc03674b24e66f4d908d0ff8a30ed4bc.png,
167e3035c7a295516694a89c9c58c450fd48db17.png,
169154a6ee3fbaa46104bd4c40d4fb6d93a244c5.png,
16a16174d696f467400ee2c0203986f1a33b5cb2.png,
16b45f76446327a0ab589c078c22d1b076b0f323.png,
16b5e81f37431f988b3634df844d9a2ef4b4ff8b.png,
16c4d695af82cedea705f046e61b43ebc79e4ddc.png,
171578ea533480e60e2698572210dbd13278e783.png,
1733e9b7c9a5fd12cb55d7c552d6ba3bdf9159b8.png,
176459ef2486a8da9d2791a42d8eda299bc1c49b.png,
176b956929b7a2e14bd4270b45fb345a5fd86b47.png,
176fd22a717f5b95e2554278aa8dfb6afb4bbb78.png,
179a790a519e02bcb777fa30cf609a0cd3e543d4.png,
17e2bfd7c170bd2cbc2fbafbd1d4bdfdd9b6de33.png,
17e4ad2a29b5fedfd51068b93ab9a60e63007de0.png,
180d3f54d896e7eb7dae77a6a00f62393930f3a1.png,
1857060f83b632cb73b2d6afdd45b3307cd35c5b.png,
187da754fc28d1a9f0d0864c56272758379fa1ec.png,
188111e2c2f9a308c0ad37a2931dcf92cc066d1d.png,
18a5f70877078c863e97dadabe8c45ce5505286a.png,
18d8c455e802a3249fd42289e2390d963ea1d3e1.png,
19819205ef9679d08622b8c79bcb19f0a2ece808.png,
199a0e17c86dfc42473a62be3e19191d16c745de.png,
19a1836008099bbfabcd5e87459f848192cab495.png,
19c1492a967238e3beb4607b66e070ffb5aa0f7f.png,
1a555b9817d86ce45c49a5cf3683a377dd49dec3.png,
1a57d1ea8567ea20831d7808e57ba3df0c2a6998.png,
1a757fff856fd005a7f3bee6007938d3a0a7a311.png,
1a8170b83ec6459b0df9f7299c98480e1fe06acb.png,
1ab374d79103790f242d82fa91b39883fe2faf5b.png,
1ae059fbacf694648044c764079391b15214d64d.png,
1b1ed3aee1c6beb9c1cede9d5ee68e85f8f4ab3d.png,
1b2e74fff0f72d71c3271ea7c4ed8fca92357424.png,
1b51cac9189cda73d3b7e5134ebd66d444be4c7c.png,
1b5ec4003c092958c250a081fc51ef7237d79a1a.png,
1b68ab9dfcae394c5f051c724afbd2f082622634.png,
1b77be6fe157698aa1db845238650119a994d024.png,
1bb4ad5d26fb804a0a47397b4a618178f3600b0b.png,
1c07ad802f1dda13725b611c415bffa7b5051497.png,
1c4effa09905dc7a80ac5d6ec6998c8376375145.png,
1c63038183d2c3589bccaf52d687a072e5da2d8f.png,
1c6ef4706e00a9b409fcccebf661389937456a5b.png,
1c83a6f114e1847dec7486496b17f562ffd41d1b.png,
1cad558ebeba7dfa2fc9f8335f4d2d1283f87132.png,
1ccb4b8742e2ffa93c1ef67d1960edf3802791f6.png,
1d1aaa2aadeb867356ee45cd96648462e285895e.png,
1d443d8f07e0b1acb9a4ba212413f133edbbc7d1.png,
1d699e10c153cd5cbfe240b556ff0f92690fb570.png,
1d958327da40ba01445af3eacc2db7b5608133b8.png,
1dcfd918fbdc3db2b948540b9fd09cf33b22f4f2.png,
1def8b0f58b3f707e57475218d6cfd25cbdb525e.png,
1e5131416cbfbdbbfc31f8223983748873b3be92.png,
1e5488e49a26340e17b924d88dcde01369dbee2f.png,
1ea079691155105c6c616498adbdf43f2c8078d9.png,
1eb5cd9f1c66829c7231e61b46b71ff325900589.png,
1ecbcdc3cf267d348edeb3bf62b49f09abfada98.png,
1f07906b5745dfb185c889cc55e13b504bd5dbbb.png,
1f4ae1d5e9d1fed712250c190803b45ad5fcf511.png,
1f5031956a7f6bf42002835072c730573cf026da.png,
1f7a77c3810545216566596d6dcd266bffa00ed3.png,
1fa302a5f75d86039f468babb28d9bef3855e483.png,
1fc7798dc43d65ffcc4620ab680bc33e04ff3f5d.png,
1fd66bae3d4287876550fbe6a4c62ca1c310538c.png,
1fdbbc5ac63cc209f85757aa01bedc7597810bb0.png,
1fe56b539315b7ff4e756ac2f6e3c03f00f4433b.png,
20180634e222bf941e64380681d30ced8e9b8573.png,
20473d02b0219a632c308df9e1cf82fcad531362.png,
205152dd8c8f52d50504b2971547694bf135d05d.png,
2066b3c37d1aec173e98ef7487f299d55aa7f61d.png,
20686083dda2e04558b953816d02b86eeac4b378.png,
206e0ff459284e8618e4033d3b24380a5c901d6f.png,
20931e2b602dec35e5c8d62d42cd0f5d08fc55e3.png,
20a8361cf2f5b1089d334d9a6d3f188f6828bb57.png,
20ad64ba13d5020c833f332fab829e63de276d57.png,
20bd529f4d7ad2c7335b91a47aa0cd210ac0bfd5.png,
20cbeb91c173b5aa966b70cedfb4f44ceffb667c.png,
20d409bea9528ec62fce9b93059929bc793ce8e3.png,
21520a8185fb0499c32fe9006928435adc3675c1.png,
216be155b2526ece7ca2f1cec5297de27f066a49.png,
2189d49addbe37a931f58254f90481aad5501123.png,
21a3bc2ccc24e5ffe9182380b6caecb15a9bb574.png,
21ab1f3f36a1b9eda5dae6cfb67dba9c47b4484b.png,
21c34aa98de5eeb10ec63f32bb5a0fd8714d3c84.png,
21c7922b010b2f4c849b0a6e503e26ab630d4ed6.png,
2246cd3dd807db5b48e9566ed7c6dd1da067eae2.png,
2261634c9284637c058ae6525e3882c3a387a0ac.png,
229dc0b43d94c0f13987cbb9c9a7b4edb319c5e0.png,
22a46a9eda7eb9d37657b52843069b45aee94be1.png,
22cd697d7b467b10bcc45d518200d3712a686494.png,
230aa2b2caa08888dad901b747aa829c3e436ebc.png,
2317fdfb476810a4422d291e1deac91003b7f646.png,
2320cd18f3ad945914149411ad73c10c71bcfcc1.png,
235f7cd62f96bd70b61bbd42b7e9dc1e153fdace.png,
2392b81a79c2b13963819d7b6dbdfd6668fc78b4.png,
242f539d3a5130d0df1159e1179377691cf50b9f.png,
2431342fb525665e9c8eb5acbcac3577a10da291.png,
24339fd451d1fdd9d708b26e8aebee2136239c52.png,
24830b42737fdb092931e01fd99c948112dae77f.png,
24d895cf38299967c962a3d154eaae325ea88893.png,
2502937d3604cfb64605d24340635030db579aa9.png,
2520c975bcaf9e6cd3c0caedd584469af1bb67bb.png,
258fa005f5e118a27e2d40fb37af6d592a5cc585.png,
25cb3be9e166f7a9226979b8e4abee03d8c61c0f.png,
25d36411e07ec31beceb0743a6e5ef198ac5db14.png,
25f4b1316d2f8a7f1c1f31f56ad8cb0d4f283f70.png,
25fdf5abb9a10e68b94c0f85fd95924683230b82.png,
2607c041c40a6eb5471c6b518cba7eb197a03370.png,
261a29053b365816bbaa218406bed88c8d6faa00.png,
263a0785e47be90c3195a78d09c887e8c9967658.png,
2663b33d7d3d3679dfc36d5bffcb4165dfa50c3e.png,
268d090316487ae6cc51ad0dea58c652f810f384.png,
26995b60b7ad402e28c21c4eb62e7b120b169637.png,
26a4bafb829cbed52b57898d5809858c8f80acb6.png,
271e9451b5b74c59e7f11cc8fa0e0aaf3cf28f46.png,
272b2966ce99c657cc221abdcc1dacc6467e8769.png,
2738bc9cd304f8f9cbec5a82c724b9984d35b1cb.png,
2766af412addf77d8d4543f935e480760148deee.png,
27708e09351ba2939532fcced86158fc7da815f6.png,
2789f0f916fb64ba6b2daf2a1fe5803328bc4826.png,
27b1382d46b34dbd9dc145dbd9945a482dded3fb.png,
27b184d7841afa839b7761f506634f15d0857758.png,
27c3973f3405d2bb20b7dc582c69d132f8a01545.png,
27d8c3ddbac2f248abc1ef943fb22157566181a1.png,
27f79154d8dbd2319cef1074b5032f8817cb3f57.png,
280aa0c1fbea2973332482f138e967f832caf6d9.png,
282b9738883096a1eb73f5cefd219dbe7ff66278.png,
28320fc1cadcfd7530fe65798ae18bc25b4dfb08.png,
285d09260591c7d8f0343fb9d49e7255bf5f7048.png,
28628cfae4d3f4b37ea45420f7bad4ead59d8bdc.png,
2869a1caa656c6c601afdc755398ef98d229f95f.png,
2870803a752926eb17fbfb3f0b6b59de35efab37.png,
287957bd6977ba2a60401751c8637537c2367ce7.png,
2883caf47eef5fd82381dab0dcbd15ae15db00fc.png,
2892c065e80f39538a2c02b3063482c72cbe117a.png,
28945a91eb896ce98807378b3510e10a7ff2e0a7.png,
289bf6dd7d57d798795bf1c03d24d3b959063e35.png,
28d9444524c13674b1f39cc7b1a0ce5097d09bf5.png,
28dd98d1f91c0242f814ae60a5d85732c47892a6.png,
290451549a7a89c77eb03f6c29ee8274c81b148a.png,
290d1686135ae48f09faf90cff3ea11810fe1bd8.png,
292c1f8de7063402321368763dead20e2c14bdb5.png,
2952d058fc4560fffebd0abcfe308438c3a3bd8a.png,
297074b80fe8d128adf9d9c8fbc483e543a9c201.png,
29e028fb119d54b539061679bae52276166609b0.png,
29fcda1a82a329c9676e76bdfad9d677bef2002f.png,
2a008a4ce0372d024dcd11bce7fbc842ab24e41e.png,
2a2ffd4b59a3c315fa9aa024faeb7239560b2a89.png,
2a30896d0f1524f34e4b1cede1bbb82e2340e6bd.png,
2a3bb3d0803b8cec78d625f4ff62ee907aa827f2.png,
2a630ea910b9a54d2ba0382e0f5bd388da1d0908.png,
2a6afecbd0e0e0f38eeb1e8ba006de29f412bb8c.png,
2a82287af2d2be59f6037ce4f5e1d1f5d55ab02a.png,
2a8f22c2b85985e459f7d85b0e77cfacda7c98a2.png,
2a9035a856b50f9fccc3cc66670587e40785b047.png,
2aafd91ca8be80bc40ceff9e810be477b0c1685b.png,
2ad318f2eb23c4854af0ff301b93387ab896b436.png,
2b04d7bebf452aefd402071175ff20491a3841cd.png,
2b24f45bf68c35f6412e28dcffe8542387c30cb4.png,
2b26b6894a2e5f7de10b0e6aecc856e6a54e2bac.png,
2b40aaf771b9d6b182e3997a59c94841319cb469.png,
2b9a385350f4cd24868ae94edb98c76592742b32.png,
2b9bf4833dd14129bf3240380a8e167851d18eff.png,
2ba5983c496bd901c8e1bf66a4793d937c216591.png,
2bc35aaa8e57034c9eb9fdd298838ed81b3a60a1.png,
2bd6965e4f52233ae2cc46c77135a47daf080aca.png,
2bf5e444491d3c1a4cc7579583f102d53d56a79d.png,
2c124b0373952fa3b149efaa04f28060c37607ba.png,
2c24039fb9964859cbf2b94c036a5b8e93303a74.png,
2c24fad1c2f214319916c1b3bac1f6a8ef34d175.png,
2c49797f37ecc4b0bc1f7815a1f43b3902ea9c8e.png,
2c4ef88356aa898acea80bfc88f082fb5d2a76fa.png,
2c83d92c7cffbc2d1d89926733308897393c3c74.png,
2c922441140c1277734ef0884147925abc5af762.png,
2cca6374e2fb0bf009bfbb26e934912fd618a2b3.png,
2ce5408dac38a32852c2dd7fe3543ff00c8cd1a3.png,
2ce90a3b934eafa5e5700932b6f458c2fe5685e1.png,
2cee7ce6b51b4e35aae85b7e9a365f97dec3674e.png,
2d20bacdb3a0894c9176e1e4668898422e40d4ce.png,
2d5531e35ee01da222fc287d017e4990da824182.png,
2d66860c22da1d1c3ffd8131d2adf16d6d5c5aa3.png,
2d73695d043454dd11a3ee2faccbc38ccb0dd1f2.png,
2d851d8004663bb83445f887c04decab835d712f.png,
2dcee05266a474e458854f73c4beb198cb3549c2.png,
2dd010d3c69283f7499eb6ce082dcda9f499f67d.png,
2dd0767386a96872d00b5b516bdf4a33385a804a.png,
2df08f1ee1c1a00f6e8b62f27f8e600969fd9645.png,
2dfb323b8501dad8a565d958960391176497b960.png,
2e0c08a62ad0ae974766bab640c20a10b39774ab.png,
2e15cdd32f8e824fa14232ecaaaed8aee2aba480.png,
2e1a81805176d14a2b90e8ead2ad2b63204a7d51.png,
2e308891cdbb25575cb7441eeb8f34497eb67e6d.png,
2e5a52b61bc693e8a30ac5c8dff481f8a6429c4b.png,
2e6695a10017238db402a70aa27b68fa1e446fd6.png,
2eb016e328366e5d30176f2a09231645b246bcc8.png,
2eb26a711acbde501878efafcf21f702cf35430c.png,
2ed431a4cc58a8beaf70529f65d9844e59b6ba0c.png,
2ed811e1b69cdce575e5776de79269f2ede0e06a.png,
2ede453d7b966e5197bf3fecb965b387955e9f3e.png,
2edf794329f45f5e5e11fa23f3b4d1dd1fd0ac01.png,
2f63b0d818e7395cd55831695341f12e597497cc.png,
2f8561e33ac5e06c21060b5d4decaaccf245dad3.png,
2f938c739d8f9aab499c2a3f45daddd4c75a67f6.png,
2fb00b53eda3b7887ad6f357c60e0583d5cdad5a.png,
2fb897248a61295e19c9c460ef0b82e319a7fada.png,
2ff3a3deb0173ddb426a77ec92d4e65038371676.png,
2ff47447f55441db85b0a7dde33ad7902a6e3b97.png,
3002aa7aeb07417bab5a7b4bb8c94ae524c2b52f.png,
3018b5ce415d835b774c8bc72bedbabb4c795f7e.png,
3020e087ed0f42515bff3d97e009540a6675e59d.png,
302b940cc9469aced45dd2279bfd555bc6d08f61.png,
3035739b36f37d7514aea8b87ab69f3d40765e1f.png,
306903b70675e3bef7f5057b8c44319a26a69813.png,
307ae21fc94afc3c29821ca54946e0dd018c609d.png,
30a04ebc88f25f1e0c1bafa928f87f66700eee55.png,
30f2ee4b49d47556c6e712efa19e8a162b3ff78f.png,
313c9bc7b22bfe823fb6e9cab2285316926476c5.png,
31685de5e762bfc3d64c448c007627d467b0e3a5.png,
3191e92c47ccf8112e8b35e80006c44d0b102902.png,
31cafd70f6a9c4a8dccaf42e3eac10201600bb1b.png,
31f0d30bf577c8d0c12ea2a498f2bbc8465f9176.png,
3207767038ae4aaee5f552cc482e60ca0357d065.png,
323136feba87dde20162049d2e05cc2859ff979c.png,
324028aa413ae3cf721b106a8f22159fabb2c9e9.png,
3259477a2cb14267c3974df397dadc542bac0744.png,
3268d563c0cef3f654e8618aa7c9b20631c80de9.png,
3268dafd7ce63267a0d17e270c7d73e1e2e91908.png,
3287e01e9293f18a13e4390a1e8f61628ccc9d39.png,
32ce77666a23d736df7611da4343d4b9b191c827.png,
32d3295daea3adf340dd1d08bfacb0e2635cd313.png,
32dfb14041f305cb59bcd45cccb0c8c63ff1baba.png,
3353389feddfbac812ba8faa8b4f488ef99db581.png,
33575ce0ed0a8f0f59089ded79ca70f7f25217d4.png,
336f5a4f7e1f550c7308441417bc85e443ad8c66.png,
33aedf12af46cfda053fad8595a0f74338b8e304.png,
33e38c396fc085daedd35a4c791d4e89eb60add7.png,
33e97a2415120a89ad0bc312d2178dd6af060100.png,
341d250e97dc09283aa903b86bdd7d5bf2e0ebb6.png,
34201acdd28561e00561c1b3984abc7bf12dddd2.png,
3451d977b586786a2b85a4c295a6fdcbc3450945.png,
34686a8478a49c1257781e97fee563b333911cda.png,
34a73a5eec7424041e30b9efd7f9747b62361428.png,
34b901bde854299e8223e181fd4810cc4121954a.png,
34c675ccd43b7b48aafc7c2d447a383ab7ffbef7.png,
34e1e38c16ddd5bdcbecd38969189aa22cebecd1.png,
34f2d3f54256d79d3d6289209b4abc5ee83d2c0c.png,
34f399d318ab050b91619f4ef4a849058609dac9.png,
34ffc12d4eeb2c1f3f4a53b777192e0dd91440fe.png,
3513ea55aef85ac57ae82a88a4f583d8fa6753f2.png,
3533de8343cf9fba196efaceba920ed30bd24828.png,
3595bf4407cdf542c646b9c3c8ffaa4ef32fd780.png,
35fb026f72fba53c4614ffc64eeeb29b20c4395a.png,
364b138eb2a367d2b2f78e8dd04188f2aede9e79.png,
36b5dcbd3d327d5bdadccb400c70c3fe1a86daa1.png,
36bf654511a86d8580fd89d5354ff9b67828f949.png,
36e0ab858f7387d5a0ae9d1c09653f0c5d77b657.png,
37128f0c5ea052bf3613ef95ff78e8fa3e62332e.png,
371e2ed268e64f6c6def024e2f6c818b2592d2d1.png,
374d86a1637050639e3658abe24378c2d84438c6.png,
3786f67741b5b5189d088510388e2392f1d6cece.png,
37d53bd77fc44259c320e087fd323c5af9685e08.png,
383b1c1bee03738d4ab759be2ca2ae774120e8af.png,
383b38b81e96b22a5ae4a6eb3c87bf59ef9a650d.png,
3849e057d4b0c85cad4de8b8d61fe3a8d986170c.png,
3853b7d9d5cf76bd655fe01b3c04bf26ea1f173c.png,
385b160df6c07774962aef6fe6b410f685fe5be0.png,
385bddfe7414fccc2e457240c372321e270a341c.png,
389f09b6f834e136582c03610f0e9246e4b7624a.png,
38b41a50552be6eae8d6e2fe33ae0473d2194bf6.png,
39403e5dc9efd1c8047e293148be8b546b2c9ea0.png,
396391363ab79babfd340f0c203bf57da8536adb.png,
3966274eee4d6c7e5396ec0bdf6f8252383c85bb.png,
399e00d5d4eceeb736563ef0a06a5e9a58a48454.png,
39fea59e258fc989bd8c635361652181d2283c57.png,
3a2ad6bcf2b38c589359bec9663391e9efc98952.png,
3a59d8ca6e5836b9e8e339af1cba362c964f4b70.png,
3a66b1c1019aa01d0e262742acef02c1714842dc.png,
3a7b8e5d2ac30782c0e4c06a338d06bc3190d583.png,
3a94338132434ee7d46eb96f6df72200ee4687ef.png,
3a96a1abdaa1391b7ffc5baf4e34f719cadcfb07.png,
3aa637488e84d1b7fdd82618590ad676587f6ad3.png,
3acb26dd07a680b7b277f43292036e7ca41a4713.png,
3b6b9e842878c2f0fe235d3e4a315a207550c411.png,
3b945212e0a734e4b8aadce10a462210a55005eb.png,
3bb020b16886757d152ec064e1c5f886e3db4121.png,
3bb98255d8d61deee843c313a05aea6b17d1d8ad.png,
3bd524c870363e2795c68ef903d8c659e79509cd.png,
3c07e39a705ffb07eff823fd85907ddbda79cba9.png,
3c135a746df64bd707a003ca402f845b262c6ce7.png,
3c3b13c036886b4f48f130bd67fa8c6cac673adf.png,
3c56956c39964aa5fe4969cd9585bb1975b68137.png,
3c60a83fe733cacb33f2fdca63e09e5b0850a63a.png,
3c8b032a63999fc7b99defa8a4e5e7b697109d01.png,
3c8c751aa33746992db14e745cfa1682c4243c3c.png,
3cd0ca4ec91337bb02be8815048c8c03082fc611.png,
3cd7af953478c682a455d625bbf40ee5f89d6e73.png,
3cf61ff5e025dab719a7167e696ac97ad50642d1.png,
3d2f68192b450ea6b76a27c6ae64b79331fe0b0b.png,
3d695e9edead5aee40c7d7e530e4c838448b5cea.png,
3d89c5e6379860084f7aebab5029e66867f2d182.png,
3d9b82162a055b179c95d79d3d1ca8c9adfd9b87.png,
3db0cfce4df02caf134ca6bf69258cbefd683762.png,
3dc5b14318b42262002981f7c9c65c87d12a274c.png,
3de7e2d922a45592f4411f84aa51165409540eaf.png,
3e0b3991e72272e5b463dc4ed49932097e868f57.png,
3e1adf956480585ad52ed95cb59371e95800ef49.png,
3e49d4ef6dc57d504197523872e9a803bd5099d7.png,
3e62c4e9ad4fd659999f088053f4177409522163.png,
3e6a7e24397a2e8a3a1255fe0be4d7c6696d5be9.png,
3ea51e0b6ce1c8dd81a087fd1ca3c37da16d1b5d.png,
3ec824212b34dab2d2ab6258208e11215849d06d.png,
3eca3cec0b084d2d641bdc28044c113f53bff071.png,
3ef305d31127c9ec1874a0e5817d8d01bf08ad65.png,
3efc4b82abd411344cf402d4e1d63cfc8145e2f6.png,
3efd0ba046d9504fb41cdce7ee6c15e588173c9b.png,
3f01c992a39de56b80eed5d91def1fef402142a0.png,
3f2421abb8796e7ebfa0562c839f09f01881439c.png,
3f38332c4f355a183507db4128a780b1acfda873.png,
3f3c40e6a06cb20c54a11ad0cf291cbf74fa58a9.png,
3f49cc759dbee5dcf7e79ca98823d35c40db49d8.png,
3f8689f1e3ebd9029cb1f2f2e6873b7a18704d43.png,
3f8a527fa844b4acc8e349c73a0017ee34a4526f.png,
3f923cf825ee1f48e459011f31230b8e27790818.png,
3fa2290f464f66209499cf6944ac329f5eaa11a1.png,
3fc58a32384fd71473535b0e21b4fa1e47ffdb40.png,
3feccbb77746e693bb199bcfddd2b12c0391b2bd.png,
400b5e744c8294f4985fffaefadbc3a67636ee1a.png,
403727067f073f297bf041e13119d717ee3563c0.png,
404533f7f5ffc11b3739cb1f072bf8ed372f1613.png,
405e8a54b7f2934a18262cbae36f0fb51ac4f3fd.png,
406375ccdc0a53d76706a555b0be980ad262da71.png,
40bc69c79149fac9df5e6a459f68bbcd0b085bdc.png,
40c384566409c8e0c20f3ff08c61c49894e69ea8.png,
40d34d04a9152bb0324822a27894a5d58d71e829.png,
4146dba7b75aa29e5ea9caa41863e3dd5edda59a.png,
4149ce4a54322ba997380dfe639ed7d03f073d33.png,
415c8c74571ea789cd9508eb6891bc99b9c0cff4.png,
418057e377a0f53fd3e8bba63a2e27e5e4a603a3.png,
419a04c0511a78712b2665bd05f16616421512b8.png,
41b534243551d9cdf4a3cc41fca0600c36d87b32.png,
41b7071d04da9a977e20d0d36e65edd67b152add.png,
41c3bd7697114153e1099467fb16128b4746707c.png,
41da5dbf93f3a03db54ceffe1e2f71094e4bb067.png,
4226e7943683b20278a53bc6338b25f738f7b1f9.png,
42633523b12d141041c7efa0af9d62d6fcd65c68.png,
427edea978e254cc79585035f2fb89acc5787b17.png,
42c2d49be7eca722057fc4025b7522194aa61f68.png,
42f8eaf23716a5b1198806fc54cda4239d754c78.png,
4311d7d1350276473f1ce3fb6735c489276fe82d.png,
432f01affb281e481a1a6b4cd9a044183ab2dc9a.png,
43307be7ff22ae5e687dee918c2fe33c33d60b4d.png,
4331224ed69327847e741f8b728c89714ace3aa9.png,
436bbf15198590c84d15dfc8ca2532b46477cd32.png,
4378c2b63bbe91404745f02ddd70e7b9e9e8469b.png,
437dcee4b745f132d4d433040d2a0089b928c83c.png,
43e69e61c54c24b970b92fc43f575986be4441d4.png,
44017c803afa164f2f733b31052e0d635ffbaf4e.png,
44312c3655aa3c81bd2e725e21cfdb26fb4b8549.png,
443845a024195709eea8c848cad77c25da49a6aa.png,
4452e66c684541ec790671017ffaffd545382dcf.png,
4457b2591a44d53bcf8c222adf693f35503740d5.png,
44ad8ad4e4db1f5eb40882626ecf6a810f36a4bd.png,
44c5ad9dd406c19a89c98bea5a97e1d0a81d2f98.png,
452b43850a8fd4857445c5995f32bdbe56624518.png,
45396f283addabd6b748b4ef906811b962880165.png,
456914658118b92a03493f924c4b99003360d876.png,
45735942ddccd637e1bcdfd1e5590ec6a034655e.png,
45807dbb73c2465856d16be596e336b767fa3940.png,
4602cd4094959afeac2cdae24d9d3c0f8ca084b5.png,
46041cbe484db0c27c324f76b81eea3ec3aa7264.png,
460bd5b238472884b68f3f80651e32ab3dd5e0b9.png,
460fb5979aa7bc5b4dc552e99e156c290134afb8.png,
467b056ef85f6f968cb499894a39cbffdd0df2d4.png,
46f4cea1dfc431a83631f30ac4ba73d82a5a33d1.png,
4731ad39c2b9b1d2001db5f4dc365994a3ee6e11.png,
47494e834a0a7718eb337f76c949f6fbdc8855c7.png,
4774dc7650446f3f6ff89f31d6446adde29c3921.png,
477900a0f188ecf6ac3be795a5c8543243b86f6f.png,
47b18e8fe7e4dd3fd4b7f4d8c47628bd1c5390e6.png,
481511e03e551a8efbfb730c2dea208b53fb2125.png,
48402d548e82f7ff94d38bac1a6fa5fa82068f3e.png,
4875f69029855d61dcf6e1514c6ee44bcfad0d50.png,
48a3a511055b85f8c679b85b4676f5401bc0c6cd.png,
48d4da8ecf024ad69be892ecbef6e491a9f6e530.png,
48dcd1c7881edb1ce9dad4e5e21bcd60731cfc22.png,
48e3da3c6dec85afe4a4b130fae89a68a469d9ee.png,
48f642e8d221704e844c300f0c362edf34db6dff.png,
491f693a1386e9b19632fbbd00bc6310a6e2da8d.png,
492a02609e5cf7a60aa09d3e27bc27694403e26d.png,
49461593e61f66bfa84a14a2136777b1b62f07ee.png,
495d9f93bf22cfaba3912c5b687386fb26a2f411.png,
4968064bd3313c18cb9bbf058037a705008e3efc.png,
49b5d941a409d7a75cb793b9b10498fe8177eea7.png,
49df8f9cfa097965e3e61ced834653e634bf9a86.png,
49ec71f1895601c9b164568db9f06e2e8164a694.png,
49fcd270e33818833808328f058dd7f42a34bb54.png,
4a05179cc405a307834f113c55a3a2bf11da650b.png,
4a08e5dbfced41beebc1da4dbe922b90a126a070.png,
4ac292cca4c60289be11a4cc8ce13e580f3ec0f6.png,
4ac6153b7110128b118d5d299485112526642dca.png,
4ace7efa004b1f0a59aa7b48a9d715460bf386aa.png,
4adb5a4c88d383be548b726317024c6dbff8cfe5.png,
4b097e590931389fd395d82efa9ac6c704dbee34.png,
4b172f02e4a0f0f935d88c442d565b89e9b63e94.png,
4b3467f6f2bad2f31563397cebd1d93ab4e7d38a.png,
4b34d8246f04c4a2de2b91127e74c28d333452f3.png,
4b755d2e2751e9d0990278d494bd55b3a70a23b5.png,
4b993d6a9d05aa77e77e2a7368bd6977616f4989.png,
4c204f3db821c46d53b2083f535012469c3cae30.png,
4c207fbe628fb70f3805308548b28dedb320d5a0.png,
4c6cbad062c5da3ed8414bd3295a46d64a233151.png,
4c8cc112ee47fd5e5302bc43ab2e4e49051611a0.png,
4ca9fac6b5d4df66b54e7abb8cf149a4205ddaa9.png,
4cfe45f07e7675f191634fd994aebae5705708e3.png,
4d404609b3931b08025f9b70f853d074d7045a1b.png,
4d46b120668901af2c9bae28e23478c90e89005b.png,
4d67ba3bfc2087e341754ff0848eed07cb389271.png,
4da2e83b9bca104599f93e3551fdb473882acfbd.png,
4db296d57ea71b1b8e6bb0c930e4538eab05c0ad.png,
4dfbe6b8e7c1a3a09416311f7fde5fbac371d8f2.png,
4e14cb29044bbefa4f4ff311d83a57873c3a7fb6.png,
4e62973be9cb9039c8b66678462c4964495fd728.png,
4ead5b4ff7961b93c213b92d9e26c47304eae679.png,
4ec83c7ef6a9b85216644d6e343ccf8911e67a4e.png,
4f0a28ec5db2fd341b3c93f6a18bc4a7430e77e5.png,
4f17819d16d0c9d335bdfad8d56c8bcba11871e9.png,
4f5975f9a7baff098d22247bdd456dbf78c3283b.png,
4f5ccfa006ccf3bf293db5bb37b6151376f9437f.png,
4f7bc34cb68b3008cedc0a3c20344e9672e53765.png,
4f8aed6aac6e05a38c03a3402d19c18b7414e21a.png,
4f92e222c86430dd465f640ba022f536345100c7.png,
4fc5777e915d13f91fae5099bbf51f46dcb83d3f.png,
501a9f25ba55e7a1e2fac76ede493f1ad54c161e.png,
5026f650d65d041b41a6d912015a05d2b710ee7b.png,
505eeb9ea679a58ce2064897793fbd70eff3ab8a.png,
50ada20b55da0c798e5b43c25b02e2e98383e91c.png,
51059abc626df920314e26800c540eb3c02078d3.png,
5105f93dcacc58fbb17828e33458769d9a379f33.png,
5138a51b6996ba61595703afa6e9f73cdadbe416.png,
51397478e3f6673ef81a05dc0ecc970022bc9135.png,
514add16c9ea618a5a957ac0ceb6b6028b1271f5.png,
51d25ba451dab31bbc5a15dcddca926b5b274f21.png,
51e3d9dc8615a6cc85b3238e4a3a99095bb74a99.png,
51ede54ef3e9f431b1252786eeccf77494c96640.png,
51fede1dc0e3e8a806a77e196375253c3f41b93b.png,
5231a1b02a0944bca6bc75fce091b3424de1eee6.png,
5232859c6889150557a3bfe86c81aebbfbe52445.png,
523a521538a18313551a4da7b51806efda75ed9e.png,
5263670f91fa1660b2f9d8d945ce2546a96e362e.png,
5271aed1f3d60a3b46a76e8a49218c2f69c843e6.png,
52956e8106c45bad88fbeb9b23ce3f53129fecc3.png,
529b95bd40cce785c1dc8af2d005b5989fbc6a1f.png,
531ce0af15db7eba1a3c27abf5dfe576d2dc8140.png,
5321543f04667a610e9fdf88fe27b59661a7d778.png,
534cdc6b9a2af17074c71ca6f04928586fc3fe22.png,
5368d209cc7116ca2418e8cfc24f1c44f4531705.png,
5376f40ffe831fd5304f39b7f3bed88196f39df2.png,
53947409dfa02e34eb4e38800cf23fdc23bc7867.png,
5394c03439160efe713f3c6f680055cd32049edd.png,
53e03bb0bad19fbd160bb5fce33a0c29fbb40095.png,
53ea4381260f914922dcc540001c9ea956c95425.png,
53eaf6f0a4f6a64dd266e0bc2b0e3506bb76a170.png,
53f718f265596a7a90688282ac3eeafe105b1a9a.png,
540d7ad013e6cee636f704c554ebb0b6ec8e0c96.png,
5415ce3794c25ef61eca2923a704f9106f66655a.png,
54717e592942d8d14f000f2a54cb68e18f868983.png,
5485b747ee762887cfff053f33d1437583a9b070.png,
54cac6453a37d80bf0b252def4c3891cb891d756.png,
54e6a89ec806132ce02b93c12f0c736ef11841ce.png,
54f5cf14e69bb9adb9937aa4276c4fd5095719f8.png,
55035a4e98571169de9928bc994d1cbe3ccc2ffd.png,
5563bd6133846444baafe45a6ab810b980a1f364.png,
55665eb12d8b568871f9df906ccb3b94244aa444.png,
55c6e3af5672c8beacbf44b2ecaf98d4b23905a9.png,
55eef709b492f59caf0d5244809fe9ae958d9361.png,
55fdcd25fd16e0a6ea1117d3f0f4b058af094b37.png,
56086a53924808bb4832d6ca87f56c8332202666.png,
56292d6bdb1113129439cbf9720199b79fea5189.png,
56677b3b13eb43ec2a2df3a396bf314523b76c1f.png,
566e359a7fb53c9315dfe75e9147dc5458c80322.png,
5697196703a2b341c535fc52cc84ccd5220bb42e.png,
56a846c8c6e2fb67b6fc243af92500b6a433a51e.png,
56e1bec9b64c7868aedbfa77206158b3201f461f.png,
570306411faf8d3d27a5f66e212caf8dd8241b3b.png,
571de5540922d370039df40c4b5e57e55d254723.png,
577264be22e867328a9fe662a181d9b73be408aa.png,
5779d3091cf46e6ae995e3cb1afbe7fc4a966d7b.png,
57b4552f845fee74443f1cfa62b8df323b6b4e06.png,
57ceb9ab2e19b376a6c6a97db42ed94736edce0b.png,
57db88684664b9fe798f6de256a7336cd3b653b1.png,
57f285baa7fdee1ddcae6b333119415a8a3cd704.png,
5815bb21491ab4fe674d7f386cacc9690adbd111.png,
581d33e1d2b3d035161713770bcd983b00673de5.png,
585b87e02a33a18f68739f6ffcfcaf15c663c64d.png,
58b043af66077d5d1c4934860e83a4725a9e1e76.png,
58c4ff41d387950e90992d52e7a5148af9de7cbc.png,
58f73668d1f4ff73f13980b5b8035ac3ff9ce3ac.png,
59028dfdf9c851caa412808946f44d36a69e180f.png,
59085993c8cb3a0136d2f74f5cf9aa4cd905e4cf.png,
594a92037c325e5b78e717ff37d29b76bc2ed7d4.png,
5990ef32b44168a4e28d3b77a8325ee995f39069.png,
59ab0d08ad163d1bf8dacab18ffa556b2cfde62f.png,
59b4e2215ebb22d4f28719133cde1a5a6a0871a4.png,
59bd171578479b36a41ab8d725d51e45957d5c90.png,
59c7bbbfdad1d8258bc859ff4e5a4dead5b30adb.png,
5a1424259cddac13927981965653eb9c14c85337.png,
5a558551378bfb6ef3879a5f90399eeea4cc136f.png,
5a5efaf8355f9555fe017d9ec85c238989a8d762.png,
5a6e1ef6f787c4101b27ef43b6a9d716866ea1f8.png,
5a76f03bde7b7a17361556142adb6766d7c55e82.png,
5a8ba37608777444cbecefe96d562c7d11251b8d.png,
5aa6f21dcefe38bfaa71f51b73e5cbe2eb4d02ba.png,
5acf6c4ebb3554485a64736478908a4b73f1e6f9.png,
5ad2eecc08ea1159d1c5f2999b6a29a60ebad044.png,
5aefc6c8d2bce5c35821175ea556095d9994e0b2.png,
5af67b5ac1b39a1bca53f4b373e213a4bbbce80c.png,
5b01d4626b9be5dffc09ea278c3afb2c38900262.png,
5b01f6d791a9bd391f6753fba3ce4c84d64d8a6c.png,
5b027f383ce15043915b903b6923bf913619cd9e.png,
5b37e2b7f5421781b87c8878db5a3832f34a9436.png,
5b6afbb50d3e06cf339633a32dba2a0a82b7952c.png,
5b707bff292f215be791e080dff7450d71e7c65a.png,
5badd79821f223f69197f115cadea814e4a6cf84.png,
5bf00a0e0098a8bf704d5ef5f0a120287d70f370.png,
5c1ce8e2c5a680e910e4d9220fc1202a1f4def02.png,
5c7db0dd849a4943f5a053e9438c692e1d4fc7cf.png,
5ca27d0c41bbf9c31637030eaf96926196a3f233.png,
5ca656f31aff6475a98d518bfbbf6678665ca053.png,
5cc8ae1285ba81b243c7a6e293cc44c5329a99e5.png,
5ce8d22e889325034487f7091eef763d7a4a45c7.png,
5d68a2bf3fa6ae9c3e52d435f02765794d3dbdd7.png,
5d6e6f9dc9b5c330876e2b92c303610fba261d50.png,
5d7cad7e34bca5e86ae59f0fa63c5966866204ad.png,
5d808344d883d0a212a2a3a4c403458625e3b76a.png,
5da36b5b1678f1c8364bd3e0786f20aac4b1fbdb.png,
5db8c639972ad6285462a581f033ce3308681b1a.png,
5de9c2eac17b1fb6a3d63bd616bae69fec3d3f09.png,
5debf030ab8205c1d175b5428419960dabb67f29.png,
5e1ed7282bec851ca0687871ba72e948a54750f4.png,
5e5d22cdb9a8f52a5b818014c6ec980f31941112.png,
5e7f4d8125bbfa232cc05823a3d34e482e3faba2.png,
5ea170dff8998fef2636dcc9d423d8b1bb4a5e5c.png,
5ea4600dfca6ba113bb4af3b5872aa973646b089.png,
5ebbcc76f93f6e51327c8ac232e27c821cdbb505.png,
5ec31e5eaa9bd89625309b608ee3cfb4a6806dd5.png,
5ed815989a05266a2302b20e58fd5627659dbaa3.png,
5f1501313ac7f4f0da7c920cdee848f23b2cfa9e.png,
5f2d64c1c78cb08c5c25e9a0331c348236e4cb2c.png,
5fa5c7ff4030e99c251d431edc42ab61fa1ca8a8.png,
5fad0fc4dcd20a637d860f6d235e3ba1f4100fb4.png,
60041a1e70e1213f9b3741e508246d863c6df23e.png,
60153cf8e52f34010ef24bd85bcf11f36bc7243a.png,
602d3142f8d78c7faee62d271b2093e67b6c4376.png,
60528e29603b899af55f739af96f4f3c262002cc.png,
605efa852268267c7ad92cf3993b98f2bffb7327.png,
608040d69b5eb36c1b4b31ba7b4083edbe2f4d5b.png,
6088e929b471ebd6d7deb84ff697df42d1a1716c.png,
60a44710a1aff23b26e205498b4cda5732d3d10b.png,
60c6021a6e3b4cf433fbadcf7ca94d6345765dec.png,
610641177ad978c4c6b97e53bc1550209d34a299.png,
6118c6a334431eda219daf6952587f7a81ffe2ff.png,
6149e9dcaa7f5e6dd32159b7c181e84420842b07.png,
614abd8a17ef5fb84c5db1d1f7673a3e7f76b1ae.png,
6152c36bb6e8447642f8a6a3f4951035c5940333.png,
615dab6c5d263d6e1c2f2a64640b6a9b36c7029e.png,
6166795b6001c01fd2ade68a511b48c8299b8cc9.png,
616ab86384df93d5422a8a5a0e11c45346e3c9b1.png,
61afa1e7c4d433c7ca112a636b5e64a95aa2c57f.png,
61b18911bc2a7a05f41f0938aec67ed5a33d6f2d.png,
6204c0ba227dde1d0e2537c6e375ac33eeb7a810.png,
6233e956c16c3319d0445bb3dbbef8143a4133ba.png,
62422983330165051a4fb543678561996a34a752.png,
62455f985af32bc0428feb9883dafe5f86621e9c.png,
626b8a4c616f74feb7d54e76662fef283c93eada.png,
627c4fec81d52c28f3b596771e1412ed83ab3a49.png,
62bb887cc0f2900f8ce194a15140e4bb95fafe37.png,
62d54605b609251a8f350aa8b022b69283d46238.png,
62d8b8f4ff760c5f54dc7c9bce534a4e70c4782d.png,
62df583b72162c1fdf89a9c78a94f9c945cffd3f.png,
6313f312516bc2ef0bbd84190ac359a7c138fab3.png,
635f0820a5e54e297d4d9ed86455b0a052bdd298.png,
63c85cb689fab7ca8f0e630470127993be0af1f3.png,
640abee53eea6c1002596d406d8444b3d6ff9c34.png,
643060bfc53470fbd11b5c69c3253c858f178600.png,
643c4c0fc8368e9060cc92985747427f0c2e4e2d.png,
64538c555ba76e92d916da9e6e034c90066dbbd0.png,
6472c4671b4219e1fc13327a5fd4f2d1444c0d26.png,
64745c10e4328818076dfdb4431b7da8c594f4b1.png,
648f46bd887e1e48a0d3b70106d66a9673ea4926.png,
64f00e311eeae0a73061a1b8176a15747d5da5d3.png,
64f62fe20ab5ce2cc44dfaf465b63246ae52932c.png,
6501bbe963465584d4525e37d9af7213c96c0505.png,
65492ed2e2ccbf77a3920d0c382595714b38afaf.png,
654f7304da562b9674856d296593901f3ca75e2e.png,
65aea22bf3b4bd55b2b913d7849246dfeb7be8db.png,
65b0294efa6a5955de540378676ed6d820aac213.png,
65dc32f6284bfcb99908c6348de51d9d7db13ee4.png,
65e70a0888711424670f576337d0c6d57a2e1f31.png,
65ed7c63e0412b8b132d06f9653088c096d1c569.png,
661a2d465cd0a218287f545a393891d7cbde50b4.png,
662db94521d7490619cbb3c9f3236ee3e49b603f.png,
6655e629010d9fc1af5542f80322a5634450a51e.png,
66720b6656ba8f8dedf2e183cd350030bdcc16f5.png,
669e46cdcbb085b2688bef1f39a55ab9b2610269.png,
66bee7d154172b31307ab65ac5fedfd5dea5fa0e.png,
66c2dcef6877e3173e7c5a9af3c2c37aae5ff962.png,
66e96161fca08de9b7b2582b6de75fb73ca5776e.png,
671fb177e45b270002a1b2f04e89083f9dd78d73.png,
67753d1406c2ebb9ee4f0ef2576f2fff0917319f.png,
6799cc9df02a4fe737f986b586bb00c0cded4d6a.png,
67c1f20e05c156ff3a000244c7aa606b53d9635c.png,
67ca1a5c9a0293daa4fa472c7ea503e51d5e0a7b.png,
67ce885962c642e07cb74c1be281d41b6a31220b.png,
67d84a797a0f543ab92ad371fbf65715493d9902.png,
67da171c8b5615d0b3db355d8213136e83ed2577.png,
681feaf3034bc011b18e46410ca34c05bc7d5a36.png,
682802efdcd7a9217499d0060351f9538193cec8.png,
6834fabd94c4a5f606fc8a68a3c201cbc89d90d1.png,
683a5a650ae0d5891b795bf67f53db6d696f98c0.png,
684b49981c947155e7a32c1e9f2a3caed54d9064.png,
6866b093063bce60bce4208982181e3230e0eb26.png,
68c208d227845fd3d5c1394c2f768b83d0692922.png,
68fbb9f5c01eb13062075634c0165839efaa4f37.png,
69056525dfa8e6b8b2951350fd4bdd4690a54fd2.png,
6906f8aa91094eb85b82abbe370eb277a41b6be7.png,
6925c0d848fa1eca9f83f068bdfee203b444c7e0.png,
694aa550cc6c01bbca84df04306bb53f08dd2de7.png,
695e4cc28977dbe5ae1afcc6567d149b6db089dd.png,
6970d6ca95901190221f27f48ff9f4b0ac5dc1b8.png,
699595b03cf6dfc74612b762dda72a2b4d8b0bd7.png,
69b211aa9ffb2603f7a553bf184f84895eae0214.png,
69b2722ed656eb254ad8e5c86a8751c840807513.png,
69d2df543567ff1db348e05905fb1429f875857f.png,
6a3c1294fa7418fd617a4e39cc8b7b5def9130af.png,
6a99464375dbb14f602f3ad93c382f7214656d48.png,
6aa0bacb77436aa2f379823ba90f61e5b439de15.png,
6aa923b6bcd8b3c7ee065021401b07101f48587d.png,
6ad4efc28c46f57e3cb3f4ee58c91933154e96b1.png,
6adf910a538e7e09d3f9b6fd551c0f955071fcec.png,
6ae389dd2c8cf43bff778745c710bb634980d6c9.png,
6b22ec03ab0042f03764738b150e300bb1ce39ee.png,
6b6370d3c35b7fdfdcf7b282300a570701326cba.png,
6bc1e6b0d0c08bfd1c8b69bcc0f7bec3324ac5eb.png,
6bfb5c427354fcc5ced31c3f8d165cdfe1ea0822.png,
6c42b9defeb61e7889c59717c989d5e568fec7ff.png,
6c45204abea061855a31ed907c18abb1e148c9a1.png,
6c69820a1940eaba2d809c919dcdd3bc8c58954a.png,
6c7cbf8676a10f6a2abb8b6beb1754d28a56d6ee.png,
6c9c1c239a07fd6bfdb29b150e0fa5e56878a9b5.png,
6cfeba20d1196cf498bc9651715b956825b0ae27.png,
6d044127001edfcf2c233f03fb227b14e42b240a.png,
6d128e1b0c1c9c94710c9fd7b0b51fc021522c88.png,
6d2027cf97a6c2dcf1c9dbf55472ef2e332858e8.png,
6d2cdbe68d9048604d20fa002f6620b5b03a69ce.png,
6d785af7cc9abcb92d2fe94c76a774518deae730.png,
6d7a0de89a8ffb6aece865ab76d11d5a8c6222e3.png,
6d98f6ee88333cac1b991c7fe72559e3635bab9f.png,
6dd082354b637ede20198d439377435e444d0091.png,
6df006ea0c155e70d9b9cdab79f47e178f49ccad.png,
6df47ca32c8b5445dd2b7d55915dc16e81556db3.png,
6e0e0f1d5b37b4ca3466d2f2327f6505cb3c7f7a.png,
6e1f512021512c061a1f75a069ea086b1a812b70.png,
6e38d3b6083e0d99a3a4e504c3e701ffb818fba4.png,
6e3a88ebb2935805223cd83048cbb4e2a01c4b46.png,
6e45405b7252eed184f2d910ff305ff881145839.png,
6e46cf2fca3296b2f4aa16cd930c59d351a2326e.png,
6e879d611a7c829a3e4f6da6eb5360c71d606a21.png,
6ea52e08d6b86d1283f40752ab381f6ab5b39abf.png,
6eea88880c2287fb1230cc786528ce1f5e735e48.png,
6f14e7c71f4daef5a24cb834e48520a47cabff62.png,
6f1d44b6e4a13a808d974d05b249945b9cbce90c.png,
6f250b1243bf3977520d756b66f5ff99c7892638.png,
6f9563066af6e4b8d3e0b1466338d26fabb41a46.png,
6fca4be8e75f6122fafb2e74a5d775d2a9a23842.png,
6fe0810a05a7134b61852c9458191b1c9ce8dee9.png,
700edfc2d7c08c25d4adfae0ec376088c37cd1cb.png,
7028cf16706eaf8b403e4ad181a8ef4d6ee5e616.png,
702da75708298ce94b8adf8b4953f066b2fe92e3.png,
70306aeece9643d2d222942045158230f454297f.png,
703843eb5180e67fd13c63870851bcfe5036776a.png,
70983b803bf712660b43593fa082f2bdffd4d500.png,
711874b04d96bdd5de87af10d1e607ca356ca184.png,
71322731c3d03a8a8bda09bccee378a75bf0426c.png,
71345e5c25dabe73fb4ead0cef9f9252bd22dad6.png,
713af2ed9c51b86ec158a1d144fe5a21dedaa904.png,
715d207c531119f4515589867424adfc0f6d93e4.png,
715d3cef6adf4d8a0137db5d7ae9cd483eee469e.png,
71627c64204974083f1c8672ed9146a78d26bbb8.png,
718be8ae3eee7a81996277aa4e71e5b3ea85b791.png,
71e5023438f0ff22c95b8feae3cef8f84dcb24a5.png,
71ec93561ebcbb7ba28e2650647827e6e08b6eb9.png,
7230425177200025d79a6637c6062cc6093f0e40.png,
72850f78e2f75d5588d8da1a4ab4e6b336811029.png,
7294611907289c0d8f8f74bf97db5f80aee3d359.png,
72a93fa6c5437ca808329c123c47a2cd53e3690e.png,
72afb2b6cd813afac051b837bd0c589cb954de82.png,
72ecdf7d0273ae448f0d1bedc30f0aafba02b326.png,
73139cb6d84b29b2bde4bc8c7ce5e66c22731778.png,
7322f36cd2fd9785afef2049d5cd32325af24e36.png,
733867f201cae31fb30dbde749e556aa7c97fb7f.png,
734fa7bf40e5422ab9feb109d481dc70e53df1af.png,
73ab9114ca074d361da79566600bfbf28bed5f38.png,
73cb4a740ddcbb92eea1ac928bd8931b05d569cf.png,
73eda4cfd69a75707eeace7f5a158843f64b7cc4.png,
746f3f20d304854206c6b52b2c418b58eb7e822e.png,
747789e033c1efc706ff945d01d4e52883bcc798.png,
74795c76ebc54a1c7c7357de3f4743cd46219ded.png,
7482ef3fc1d53588d07914b13fd3403bf63cbbfa.png,
748ee89e8de344e9269e822e7b002cece6ae9b38.png,
749cce2edbcfa8699acf902421b96e429eea8684.png,
74a5e352142ece571cf76fe7de009e87c6b93fe5.png,
7538b3e625f7fff78513b9b3addde54d4b11e570.png,
753ea84d14baf7f2d3627d7f28aea4d107b842d2.png,
7568174295a3104c41e421384cd42fe5053978bd.png,
756a95bdc72ad177f209cc9bf9c826868913f7ed.png,
7571e555c70461b598acaff5afd6299b22c0546f.png,
75847aafd2b6e401378910d411e9ad710590bb23.png,
7586faac8f7351ae367392f059f95a8d8cbb9960.png,
758877464c44391600b4c8560843e1f0df2ee7df.png,
759a5c9353054656d3ebd1cc47dadb9d4fe3bcc2.png,
75aba6c90520e472d58e8bad97cbede87e921308.png,
75bf5d33be513db4a0390efbcea35995727f5914.png,
75c7379948239f0ed4cbc74a8918836c2e826874.png,
75df0a7d3067489eb9651720f91a50893488fc28.png,
75f38751852389fd32aef580648f7a77e6189173.png,
75fa3f13cb4e61de640c83f5d58f842bb840ba89.png,
767b2dda80694faa304af27aba625ced71d33d16.png,
76808e846adcfc197dda1227759e32a05039bacc.png,
76a9df8b6247e9541ad0dc92cf7ab21225d53493.png,
76b6f57aa1fabb81cbd4dbbb27197a34c2c2abb7.png,
76d52d9fe9bce20d1fd695a9fc3364f088842295.png,
76f0804dc399bb6670586d9f904d20e3c04b7347.png,
76fb9a7993db8b65a44952d6c07e59c527a3d541.png,
77163cc0e31ead3cbd48075c8b374355adb4de27.png,
77e6c3929cb9eb573f0148b513a775c66f3ba464.png,
77e87abccb2dda5e109d93410559a0dd5820acd7.png,
77f7143999416732763ce5b513d3d023d669e2b5.png,
77f9271a7c208219847fd5c25b1a565b36fa092e.png,
783e8378f220c0d39bebfeffddebcbcb3012eb92.png,
786fd894a5afea2762d34318fdf0ceb53c9bde39.png,
788c35005a812e4d461bff3f48692819e70674ce.png,
78a9ef8cdbc8af2354521ff097fb2db0c9ad44d6.png,
792480339a85da04b47618007cd3cb65b2760442.png,
793669afa36338df8e22ccacf42822a2dbbf80d4.png,
79e9f3095a076950a84accc8f70056e9552f7096.png,
7a1a164aaec7dd3625a688664dc0166bcfb992b0.png,
7a2bd34e0644f902f861076dffda90b3e20a0337.png,
7a2d71ea89871be747f734bfeaeba6075fef542d.png,
7a4e61782d308032fa7b00ac1aa87fe617e9a55c.png,
7a5ada8a286be09bf254e415bd4f2bf34132fdc2.png,
7ac5a3cc3ee275c1f3594706588b8cb4c5a69e7d.png,
7af22709177586f0c46fda74aef2d83650edd3b8.png,
7b0f3e1b566d19f31cf3e09be3f08aff7e9b4f74.png,
7b125c9fb1eb2357d7a6e59a8b5edd7b3b860edf.png,
7b365c411dcf683255ced2be76f94655c27fdeac.png,
7b38b29ac80c40a4c3a9de29e355f4cd2a2febd0.png,
7b5988cd67783405b125e7e737b45a0c71bb0926.png,
7b7b919fb3a6349aa8e2579b44c65cdc7f026b2f.png,
7b8fc2f2e0d46df36e0257844e93d37168a52121.png,
7ba0754422ae77dbbaa1043186df62f5990d0767.png,
7bc98e2f5dcad457b5f41ccc05b230eb32acc5dd.png,
7bd03c245928094cf52ff0992823f937412bd1d8.png,
7bec73346ca82b45055c605dbd43c64e94d8541b.png,
7bfc7913cd2c3c6575f13052be9653d1b09f30ca.png,
7c0071e8894e9f3a680cdb69a93b504e523a1b6a.png,
7c1d5e5808d8c47c6f7efc29556613d63481f41c.png,
7c2fb7917cd71d506ee841a97c7c54a169dd8ccf.png,
7c60b0c09abb0057a55ea891cc2f7601cabc801c.png,
7c8e28d3fae960e0c128d2e12f24007a07704d2a.png,
7c9d77625979290e3012da302672ca9a6fcb01d5.png,
7cb1541e38aeba5bd3aee4f701a6d1a4e331cc60.png,
7cc08a7c485130bdf7bca3f172c47905785b052e.png,
7cee47af42ec65529d2ccc5359468f902767e493.png,
7d0f691bbdfc3ee3792597c899f46c145271bbfd.png,
7d0f85a8af30e05e2013c7b76845d52c45d5d435.png,
7d5762410fd80880e54894b03457159739d66a40.png,
7d5b52782ecf563afc651c07b95fa45c74736cfa.png,
7d844c26c5a9dd30b3d954ddf5be6531022fc318.png,
7d880c4431ee09d1e542ca966399e918311626d3.png,
7d8e6bf56ef198724c762986abc3955f7c624375.png,
7da810ec3f39580ff27ef987ca52ffe1e311fa20.png,
7da915358d4f73d7d1695a3510a5f05641dad6d3.png,
7de4d91d2d45233e21e8703653ab082ca002b4b6.png,
7df4b5d6d4da742e97bff4d244e475e88800d2f8.png,
7e232e2992dcff694690edafeb897bc6ac8ce57d.png,
7e2bd06877762350d78556a64983a5df5ab3de81.png,
7e5e0008ba14fd0170ead9969f649b4876e24069.png,
7e648482f4e02bcf569fadaf08ccec3a852ccc9e.png,
7e7e8924dbdf732d614e5c119908619cbcbb9ab1.png,
7e983f626351d2279a56c74fe241c2a8c1d09cf1.png,
7ede44df175f6b1b3cbbd361c2b3d83cd92caa51.png,
7f65ccbb698e6d4286c303f19a7a6d9c7b0ae0de.png,
7f74beea94171aaa2279225dd215d981a9125a5f.png,
7fa82569cabf670af87005188b6ce3fd3f73a3ff.png,
7fd9665c22b2cd864b6e5825c407272767c556e1.png,
80274163bb24672024460bb5b6d11fe384a1ea76.png,
803fc8ac3e467852cd0c4f108dc89eb36aca012e.png,
8046095959af7faef9e62660d97ba700440c9a5f.png,
807e9bfa98354e3a09a81f428c38addd044767dc.png,
80a88699f330d037fe61460eb82340f8153c3dbf.png,
80d9f840cda44191d182809a089d665d40f608ca.png,
80ef5733725f1eb62939e1c952f0470678043694.png,
8120db5108391f8a441dc6a0779b5952032f14d8.png,
813bd0c141ddc1f14e614f67d7db184dbd13c656.png,
8145ba701bed9e68948d375b795d70a595ca543f.png,
817f789e6a2e0255b52d73041b36eea719445b55.png,
81b2ddfbccba00a4d9c95476f6270d6eb092df2f.png,
81cff7b38545521ce2702ffe7e332c426bcd40b2.png,
81d54c7c7a3252f5d1ce65cef3c432e3d7c6b2f5.png,
81d7392771e02dfeeef23de059e3b4c011839b9e.png,
81dc596c9b96b45acd06a89ec53ca30082d598db.png,
821fb25505ba1bfd375c6b475d9eb24c0f57a5a2.png,
827286bc84fee8d49ff1571bb69a897911a8d327.png,
82cf5b9fab56c8b8fcd4612c2a8f26deff645175.png,
82fb7c3882b553a8af5600e42de21055f29e4a7f.png,
832545044f68d18db07e6363b7e092a8b11f61ad.png,
835ba58dbb1b36880b8913cfca1cea45563cb92d.png,
838b9f5bfba5a4fda8ca9af159e1a5fd8993dec9.png,
83daa2bb6fbddcab132be0d2d481f3429c343941.png,
83fa79da3de3a4e41a2d0ed6a00b6cf309476fc2.png,
84001ba34304fec7f4132d4c0c30a940cd09b13c.png,
8445deb6b8aa3a4717fbbfdbbf87bc928c2c56d8.png,
844d483bcfca84eb6aced96fa2d8b737b8fd4dbb.png,
846910ba3f4c1ce591c51f8524b91932d50bea01.png,
847eb900f1718758759b330aa79ae227f1b5744d.png,
84857cc4fdb7bab5945cefc03a081e244e698fef.png,
84887010c47e3f01db8a49ea56aec12c6b51c89b.png,
84c7c24827c1e40c1a9337765d3b93c50b58a923.png,
84de55156c073928f47ed15066647a37fcedffca.png,
84f09bc5e53b02540f5f11c20e68412c611222bc.png,
84f6c3f86397094e620cba51af3eefc2a0a5c36c.png,
8515f2c53d8701170e3beacd54d73ff12a9dc79e.png,
852434cd7d1c6e3b42db9b3ff2bfa8e2af56d63d.png,
853b1a4fc5053dbb533b20e124376bbd1ee1eae9.png,
856356fcb0635992c1fdbda99a280f3e1d967666.png,
85858232cdd565207afd3868d9472b43619d35e7.png,
859cce6e20465a87745d1280ea7ac6eb9e7c44ee.png,
859de21e69e865d2142d4cfdcf833b0576a46479.png,
85b054d1c61e7deb2f7410a800e26396b19a9718.png,
85b250de956c31570acf07cf5128acebe7b8b99c.png,
85da7e98979c4c3e74a90600c764bcc1efcfc7e8.png,
85e81de5b563347b51d839ed22cb541f2a923a2f.png,
85ed62d63f9ea1d97bb5ba4147ac6667d848fae5.png,
86221cafcab1a793a7047491196240c4a9d2e64b.png,
86c54e2ec0744552bcbde92b64d3f4554d18d987.png,
871f1bb3bffbae3599af89cdf66dbbce5aba4348.png,
874bfe4e906da0d3c6331bbcae2fda1fb7f10da2.png,
8750451e82c7c524b5062f17ec896fca070e51b9.png,
879706c9b38cd1b122684a45ff59ed768e011751.png,
87c89e4dd9388991f908b2d3e4063b049f923dd5.png,
87dccccd7e7dbdf07827fbc149e18fe7943ca020.png,
884ca61ac4859a203c30e7a21084267246dce433.png,
88aebd8f84510d7df671642f7a946aaf515bf91f.png,
88b3331e003930f0c889a2b8b6d43a1f69d56428.png,
88b73ab44df3856edf0e43ebaf7ae1158c6b1b74.png,
88d529c525d7ebb90b87614860d580e606c5aead.png,
88f56fed23a74b076e34cc0bd65be8a3215f57f5.png,
891aaa6e236d91c29a5d6d23e12160cbad190534.png,
89210634bd05029de249ebe0f9a91f673db65d57.png,
893880fd7d5642efb2285c6f048b856f5b22e6df.png,
89406aca1ddb2d33bc0ed224da881b202e345f20.png,
894fd3bfd2600e9633826b29af60cb6a2922f461.png,
89503081007fee8eb16fd1741a5c4805db1214ec.png,
895485228bd153577172f5693b21a316f20b4849.png,
8969257624fe5fe3b8943801f64a34134d80d722.png,
89b3f1db8b8e88e94214da1b5a050c4386287806.png,
89b52933b17feb671182e7b9b6822e5cb3390a4f.png,
89e775f9a5ab9d38f608b276be57cb641307c67c.png,
89eafcc0663e94f505dec9fc2ed9cdfbf24b30b3.png,
89f04d8a1990377c9adec8c37309e59b2cf158b6.png,
89f91f139497dc6245572e2a97cb41fd145f3990.png,
8a4a01b6b02c7b1b17efaab5394baa320f682cc9.png,
8a532ca9d881a35625384e52ef7c137da25d5d4c.png,
8acddbcd1567b4ccf28f40be9898bd7d441f6730.png,
8afd36cdb5b5d031cb250f10a88a16a186c623d5.png,
8afd433b946f54699a32daccdf4c2edc1cdfad9d.png,
8b08817b5fb898394c171b2276ca489993576d68.png,
8b303e8148b855805948857ea0b4046d69e93b7a.png,
8b33ba4d63cd064a3b6deed44cdf8dffb3d6c7cc.png,
8b6bb09d70bf9e584d37c7b446a0ebed35a76462.png,
8b95cb06f188f2a9a299b423d3cd272a49bec802.png,
8baf9bbe02df8a28b6cc3613025008c15f8047e5.png,
8bbbe2cc147d472da19baa5c89b0187716ba81ba.png,
8bbfb0dcfa87bc09a5f84ff74c1755dea2b02ff1.png,
8bc8fdc998e31b0772e08373b471ffbea96da308.png,
8c1bedad9efb9353c4194d19879fd29d5abc3fd4.png,
8c1e7230972cc497cc724654532002d6849e153f.png,
8c331108f5390b3af3cbc37dce14d40be9dc9436.png,
8c446d4b496d6dd53722d2f4f859293400a2f5e4.png,
8c4d98549a4335acb1f3f57933796ba4b7d21c2e.png,
8c52617d63248fe2a590b6dd594ce6043af9272b.png,
8c5bd6d313d779925fefa0485e23129a0e5a0092.png,
8c647b0d9c1e866c94bea77c792df4592de99cda.png,
8c98c84db0c38440fdcb7b7b3d8ed7d6258c67f5.png,
8c9feced9a26124c0f0f046f7ab858b86b34743d.png,
8cb7c00f8708f4be388523c5f86e1bf38ed41d21.png,
8cce182c5db4dd567b525299f0322a11a6686785.png,
8ceab18251c9c352284d5090269fbe9cb4e4f133.png,
8cec66cd79a5ddf8bdede7ff5328cb40fb18a2b5.png,
8cfdf6afc2303cf06446243cf9dd7a1a3e8ebfb4.png,
8d2232bf0befd43e58c66954fe3e0cec233f4f18.png,
8d25b9a5bd0e1ec8325c57e14686a4a2463f67a6.png,
8d2dfd5064b66e92cfa5dba8c2b5d1f0763ede53.png,
8d63c1c22316ab717946cb80d40cf9b3642eeb15.png,
8d72a0248e95512b18189f5691df87c99de4f530.png,
8d7910ae8966e2fe60da1e8e508a1bd657a2caba.png,
8d7b5e5042b0be458854c7941e3b48c41ce79cad.png,
8daa02b1f1ef169d9454d0d5addfa3b3588dcf7c.png,
8dd7037546f2b44a40ac6e72189de8a44cce0b74.png,
8dec193dbbdf6a6b231259b8085253a143b0112a.png,
8df6ecd8cbc300e3e1dc71756b40c7ca521f2953.png,
8e11a4624abfdc0eac50f54516decb2d9ab10979.png,
8e1f7c554f7a638dad09215920e1ebea742b918d.png,
8e2ada9d7ac7150ffc3fd7ec464d135a2bcd7697.png,
8e3ee0d9f3da5fe4bc4f18a79c2044d745f441b2.png,
8e90775f722d3d3620f014f748da144a5285be3d.png,
8e986d9f793bfcc76dd8d5cc195814bffb3e53df.png,
8e9c41fee5c1df858ef6e0592741830204635cde.png,
8e9e9c35a12f5fcaea8c90acd82dc43272584b52.png,
8e9f3fdc4c3ccdc91e9ab0d12fb7714f7d5b8dfd.png,
8eaca056f73919311f4c728303135ff09d4de985.png,
8eb8ff254b8507f6f87eabcb9077e88975c825ca.png,
8eefc56e5947a0a771491523d227517bcb92c3ce.png,
8ef35f76e1e7ec6602928836a2af3b59df755c37.png,
8ef46eba94c56a21bc811daf8ddc14996580f0eb.png,
8f080780466756bb09381bf84022cf51a7cfe749.png,
8f31e6d5152d5709c2e51bd935c5682c8c52e9cf.png,
8f4838b184c8790a923239fdf9c0d1026e86d17b.png,
8f4d7c63ca37aa6a1516befed57b3176edbbe839.png,
8f77221de97cdf3ec08184e7fee5aa826286718d.png,
8f7c41ebfeb1f582b63844e0b1a34749e28f47cc.png,
8f943e7080d00339daafb2b7ca840ebaa2f4c1a2.png,
8fa102ff5f725d4e7f2d0b0f4ee139a8f34aa330.png,
8fab35605605c1e89266fd6d962a3705c7e1f6c4.png,
8fabb86bf268d757128e99bb070f8dd79c66bcea.png,
8fdfc26a44b88d35a22596fd758cc0ffb404770b.png,
902be511ef962ae4fc6a2c3b0507bc56ff2708d5.png,
90c6fafaec12bf66cf8b2749e43c3e02d944e83c.png,
90dc85144c30fa7a228b4f1ddc7e68e55a0f2098.png,
915f419804927d155ac5d5d1412b4150f3874258.png,
91826690fe462a16fdb8037a9b4238f8328a5447.png,
92102459c5a45218734a64a89dbaab98c484604f.png,
924fd13245eab76fda6f8c13b776d7d992fe892f.png,
925b23da58ec136908d6e9ec7d5218a2cd875557.png,
92908d05dc11cdbe4869a38c0dd67f8e7d07a7f5.png,
930d93b375130d35fcdf78e565e1a535a364380f.png,
930e3e65d46927fd9e2a4371d1477a8b9e7fa6da.png,
9315ddbd197a18d4dcfa95c9544955af60728ecf.png,
932edd2e38f7de9a2083f77f578071c8597cddb5.png,
9375348d1ce3e05118783a7a421f09e18a5474d0.png,
938975b7213d8766f601646f57cdffcdaefb0615.png,
93939d3e2cba07273c859f0b4e8d2d55abf772d7.png,
93959a9d3e66b0102a210754092cf957ba5bc896.png,
93ba5faf49fe0a9e0b823462d7d1a49175d5efbd.png,
944196aa67656607bcd56c4c1b7db81c7e2545fa.png,
94518411e55589e27e62d57de9aa7d7e3827d3b2.png,
9456ed821417bf4d25ade0a87428e87f9b3824da.png,
94652678456b59119af3323a7862711792b7aac0.png,
946cb33d02ea59ba5d2b8fab1b59ddfeb8d5c176.png,
946d3d87a7d4a55d2b51633f38608a86d4571c58.png,
94983d5833f42a0900592be529d7223ca12e2a08.png,
94e37645621b9b1870aa5124e46fd4de29b0415a.png,
94f09ed82c4290050583f8b483040dddd7cc3176.png,
951425cd814396fd0411d583b67dc0cb4ad22b7d.png,
95162402c191a5e11d766d585bbb69cc4450a6fd.png,
952500b459bf000dad19beb5086b10399f7b4d36.png,
953ec0a5f4aaf8fbeb21e8286cacc962245067bb.png,
9599eb7bb72fd27504ef280c710ebf39cc38a68f.png,
95b3fd58b128b25875adc5349e8150d838232789.png,
9609a6211c0a0e905f5af598d9f729fd4d46b03f.png,
962320ed0dff5a4ee8e0dacc69ce606373bc2b24.png,
9646694cd4220a3d2cef5d95a075374883f257cd.png,
9653dbda73c6773649dae83001a533a087fcaaf9.png,
9658cd280f310555f0888dd9adbc355a8fd8baf6.png,
965dae4e39589f4777b0400ed225deaf32d5272c.png,
965fa6a4e74bd5be15c97d310747c29ddd36860c.png,
969a15c153fe879a81a2138efaf52114dd214ac0.png,
96c0bba121d78fe3a5bbe250a76bfb5273684d82.png,
970c4ee349363d932e52bb34352c21652a86f0b0.png,
970ef24aa050b3cb19697a6806733a6f9b62ead9.png,
97291ead9bcd92a08f15f0bf094d1e6510634f3d.png,
973bd938ab70694b2417ec5752e3ce4239186145.png,
976c00faaaae197a0dd5561ff3f642e894e4869b.png,
97833a0c8e0acd19f36330ff987ca11fccb362de.png,
97af01b4e4ab13646d97ce788dfecb1e0fb6210c.png,
97e829e1a47cdce4b9d3a8cb4caf29de600f43aa.png,
97ef7d7369557d0d0c26ec48d30c7606f87e0c42.png,
98229a337dbca97c99b42e4e74db4113c88a0d01.png,
9876b0aecd8f5865985d13fcea51eac28dce64ff.png,
98e0c7c71cf58c1fed8f29798c79bc835a63c119.png,
98f8a31f19b534100055b563d01c675a7e7b572b.png,
99001c008c0eaa0174d5ce9a8e848fe53b7d6bf9.png,
9901b8ae6351808ae6fbb878ad3dc50182346805.png,
990d33bbb497f96a22feaeeff1a3b112e6598583.png,
993bc791258f5163ca79ba83883f54f2ae6cefff.png,
994cfc4e3144ada8bacfd9dc4391651f55895cd5.png,
9956e0d869e4b2c10117d542d9afe359d4ac026c.png,
99b6b47ef8fd416b4f542f46d9f96d052052f4cf.png,
99d02b3e69e8ef75ed36626cb49c064beadedcd9.png,
99d691fa63f032cb2d942018218f979a5b946cf2.png,
99f295cfae89f820acfead2d96ac8f35a768df3c.png,
9a0804fce47f48ed5c927795d52e84948b0c9313.png,
9a24e409c19b2a5fd03d9ad171582aee63ca6549.png,
9a3c39398bb0427ad3b8d8b369f623a61d5dba99.png,
9a40ed00214a84f7ff9c75c10f6d605bda16439b.png,
9a54e90fdcd5e484b1237e0e6b292952d676f6fb.png,
9a5db91ee6344116a44361a154509ee4bfeb2d83.png,
9a9193ffdd04b337e26966be73a5dea8fbebe70d.png,
9a9486dec67e12db359de3c0f15ab8e6ac9afe67.png,
9a99529579250a1d2c20d541673325f137d25bc2.png,
9aa763f05c549f65e2272e29aa93e5c6f8302693.png,
9ab0ac1ede1d57463159a90200783388c934beb3.png,
9abd4d971228e0ce2f89d28366a5461661f4d97b.png,
9b556ce88e120d17d2d557f80b7cea1eeac80cb3.png,
9b6335b5d78cc42331562c62ec2eaa176939b2da.png,
9b82ac88da16877a7eac4ea31e414a05d941a6d5.png,
9bcd25a63af26b8dab94e4d5bd64d5b3a8d5a62a.png,
9be6ddf08b6eeee5710a9b8021e54a5878eb7e32.png,
9c0fb39eff1c735e439becbbdf067c6feabcded4.png,
9caf2dfe872ca50098ca059bc5f904fdc6b499fc.png,
9cda4c38bbb375fafe7f914c6ac4a2d1b626b764.png,
9ceec14a974c65d7e3ba1bf3d2995335f77adb19.png,
9d1ec2a0d53657335c28428ef883bbedc69d3163.png,
9d26fdc96ff187890857c4022d94f9e75f69a9a0.png,
9d2f899434dcd82ecba49702c995a4d08dc10f5e.png,
9d35a2b50763e002ceeae373c75ada9e1a982c7d.png,
9d3ef83d24c0b385e433ca89033158945c4cc6b5.png,
9d42e4a34ff82ff75b40e06985b64574219863f4.png,
9d7a7d466cee565966d19ebd6ae002c822ca0e61.png,
9daae021dff183b79ee61f1cab35c3b4dacdedb3.png,
9dacb8151d14417cea441d7966e75f6bae86f841.png,
9dbedac91c459a1c87dad33716c8977f1239796c.png,
9dc3ecdc0747b25a20349fde135c0c17ad728bf7.png,
9e0a09f7f47915d09fdb4a0bd6378d236823003d.png,
9e0db23939cb7c71eb63f3a1ba3a0455cb2ce6ae.png,
9e15751b4b1a8e9d9dc90498278e902770be14e7.png,
9e25ac7089b0f0ec1ef327c930e8f9143d66a8d2.png,
9e3348261fcee3ef2ca6d92cdb2bd0accc216bcc.png,
9e384b644efbf638e449aa8e0ca72da1dc9c9bba.png,
9e767bf4100bbd4e55ca29b995e334f5fd3cbe4d.png,
9e9fe75f1260326105ead74e9db0eec01c6d530d.png,
9ec4c52870897e77a74f7176fe230745ae8f5681.png,
9ec78b33af6df88812a2a3f2ff0a226835d79e78.png,
9ed5b843aecbec7edda38baf8dadac6d7b03bc7c.png,
9ee406c74c01492c81a99c81ebf8ba4deb183b91.png,
9eefc04c1c498bcf5a6d82edf5bc867b84f2462d.png,
9ef92c4b281335a0a19e003d0f67d815a391212f.png,
9eff831c8109e1a545f6e857c08ad84c972ebef2.png,
9f13d3d16a0eeb5c10e628d0407795490fe63d4e.png,
9f400638d5137d17c64f44f84e70ddb6c72181ea.png,
9f4914f3ce803fc9abd0fda0907e385d5456840e.png,
9f6688d19efcc0e6777aff4b80c517742fa27ebe.png,
9f6fe21126a941eaa4b69841832275d84c3b9887.png,
9f81ff82e3b813dc080a08a393f696ee23119df1.png,
9f8f8fb04ece17ce87e25bfb4b3f74c66b1547cd.png,
9fb6abfb7cc3e1978e956349a98f49ede8713925.png,
9fe2053b09188f28de2ad244f101c292731d4fe5.png,
9fefbd5ad533ec32a3c6bfd1a38583bfb6d5c6fd.png,
9ff14b7c3b420a5e324391fdaa02ef5175587424.png,
a03281d02ebdabc4c76c64e0b6a7966ed655befc.png,
a0486ad4e141d708970d9a673e324d499b46ccb8.png,
a057d9323cfb4821847aec731a3a2157a2dc2739.png,
a05d21742e6210ee78113157d21b6e28f1b8bc77.png,
a06ec74ab8c77f5427b3c3dea558b531a17dc246.png,
a074e3f7bebc2e4ddb18947d7d859318642e7ff6.png,
a0a886bd2f08f406a45a73a995b5515ac6ffed95.png,
a0da1cdf68b01ce27fc4eee9747e2ec0c87b9879.png,
a0fc722a4842721890ef921269a2c87b3a4768ed.png,
a13c9d8a9299bf9df7d6aa6e00ad0580151cb87f.png,
a145833961f098787b1fd0fe8354e5bd44841c01.png,
a15da4a06125c2126bdb7eba60b942659a598af6.png,
a1611246223415a3bb87295e7a720c7d034d885c.png,
a16842a7291cab4bad75058b3366b51a79fb17bb.png,
a169320d4aebec53f40d78667e7883a83eeff61c.png,
a16d617a0b8007d8ef984ed0506d5c7fb2fa1ee6.png,
a174ede0e37b8ceeab0e6a0a06993cef30451a2a.png,
a1958d0119d0a35d649418f3766cedfb5a0568a4.png,
a19c29ea7125d812553e2997536379aa4601890a.png,
a1bbacaf40319b88f3b3848295529519cd130539.png,
a1d428813784f8696231d61c48366887c7e989db.png,
a1df99c3c1550ddcec5cdc97c07c2b4e089105fb.png,
a1e174c21f840efd784bc6c169f0a7eea66af252.png,
a20752b12da7a7f8c36a9630d7d2b877e66cdd8a.png,
a22a8aef7b49f035ae8d2ff95e22eb526568ac8e.png,
a230348de1d40bb6f6918d3204454971d2eb7bdc.png,
a24a6110c1f6d94edc9d6393075241ac17a34902.png,
a2744275fc8fd710d42b7398fecdf7dca83ad07b.png,
a285630d9ae3b4230eda57e074f6303bc4be6573.png,
a32f96ae226a759896c665770cbe67262c0f0cd3.png,
a333bdb5bcbf832480330c6cdc23242f3cda939c.png,
a33e34a37cfe62a577f26135243bb09f53e2d6c3.png,
a347e82846c09e089fcbe97b3267bce657b625b8.png,
a358e5c2103c1918d0e01b962c1ca9f1dd26153c.png,
a377e9bef5915d2ef4990e39b4930386b34fb8fe.png,
a3b086c1ef906ae171ad94b1c04dbaf6733cfc13.png,
a3c2f39b5a91d7adbe127a5952882aa124eb39e2.png,
a3d5d1e209aa6d33ca6553ed35ae834f5b2fd1b0.png,
a4b5141627dda8f1c5fdd6e6da0e30e105fdfcf0.png,
a4ba175a9a6641eaa7777bb712db39ad60b1d8c0.png,
a4d91089160cf5d3d37ecbbd0074c624b0be0076.png,
a4dede2602fb8252df1c0a6cb9bf9fcca1997396.png,
a4ed5b3214c6fc6e407368b8c0101e1a8fab2bc6.png,
a4f5171e3577a066f19e17469518bc66a41f4135.png,
a516a6d16efc30d99eb384b4d8197b71ed8e9ac9.png,
a51d859241246be21225d356fc9c7d225d42f7d6.png,
a52ef2093e8bae651599441297487e3d5926b8d0.png,
a539d872868fd8e33b5c3941be910855cd1919f5.png,
a570dc296376129b045a0fc8c7cb41d09d718ae2.png,
a576a4b7b3afbf016dc7b7d96107cb25f60181dc.png,
a5b88462c0f98a696b573ffa7b7e96a9c933fd0a.png,
a5c04833e0626689246cca174087b495c49d97a4.png,
a5c676253a837b797dd21325867da102e3fe7305.png,
a5c70baf3302ce8fe328c354c8922a96023010a8.png,
a5f32460a0a422aa79b2e836159407f894a09352.png,
a65b76fac6442caab9414b166265f65b6713e215.png,
a686b3d58d2150038553ec5456f2ef1440600317.png,
a69ad418e66ecadfa6570bf7fa7346ec243ef1f9.png,
a6dc13f3e1687de4c17dab6db56551d0b0aa2a6d.png,
a6e2fa0d24482e9b0d06f002da6d985f35ac37ea.png,
a6e71a893e8e711929b52dbe554a6521ddf4823e.png,
a73cf4425ab5aeca8d774fafb84922baebfe3d94.png,
a753ad2a485f0d6b18da4d2797eeedbfb67c3772.png,
a77073f8cdf07b5b57aa10bfadd1b2a751af524f.png,
a78692fe4949aab71be2a9a0ab5b2fc5eea39087.png,
a7da7dd5239d319220a83eaed65ea5808f14b4ed.png,
a7f32468632ba0c533a08064b7f7256317e0eecd.png,
a8083b962aef7477daf1bc096b10610a9da8a768.png,
a8300d00b7e53799c317e36978a2992536cf0eb4.png,
a83b66280a8d0f3124a4770c72e81929019ace85.png,
a84080d1e6c5d49aede42f31468b5a421c55d79b.png,
a8569d09fb8b6dded7bf9572d06cd9d09a25e538.png,
a85df0b6c51a3117c75f36a5d14d36120f87e748.png,
a866f0164a91e68244cb2323182b958c5cbe59a1.png,
a8868d2414bf0362e94e0708cda6d92e2af28ec3.png,
a8a4602357bf438e9703b23c8f6d846b847442cd.png,
a8bb53217edc3fd74de222229828f97bc7ff1e4d.png,
a8ee4579dacbf14d1e94b1fbaa419a09cb097c46.png,
a91a35cf01151593d14cd9433af1d33c05edf76c.png,
a96656d1e0e6a66b262d1c9d5353ec99f6966880.png,
a97dffc021e348e738ecacc3943f615a99d3ee86.png,
a9b6f06e7e40704d76632197757f961667b1ef55.png,
a9d7843a1ecc7624f89bf35636c44de815299540.png,
aa59fe1ca33cf4590ee64b1f3f0f0865f9f578d4.png,
aa71c8d2d384e24719bb640fc9c8a39899798c37.png,
aaab9c6d568e0cd20a8f0d4366ec629a08cbfed0.png,
aac162f15ca11b46d666e01660b178ec8a920d44.png,
aaf41643fd1b31a1a86616daf23c6d6ec8e4d7f2.png,
aaf9537c6b8f9e05e34e30b1aa4ad9f0f49498e1.png,
ab100610ad4d366a808703b9a7c47a8940e09fca.png,
ab46071b9761501b7eb2ab2a1e894e4882e9ade8.png,
ab71a3188a1ab90a226f1dfd6f29b182282c047c.png,
abb4697cc4446049692c722997ce20d913881feb.png,
abc25e1ab470c719d8431ff2f4e0a09a46152b59.png,
abe31c768a425024c56e28c62811b5899fde303c.png,
abf79183a605158673ab5de7e12b27ebae0a55da.png,
abfd3f694c495fb746bbac14d2db8e390055c72d.png,
ac007a543f43fb3df5fa6f68fa95e1e9de93dbae.png,
ac0b54b8d14b74e0110256d206d39b045acf469e.png,
ac41dee5d4cef0d01f636d09a7669fdc7d0d3b6f.png,
ac4d71e2c855256af7e85e7f86746b87f68df21d.png,
ac79e7ba2fa55bb1180c371d50d39ea64252431c.png,
aca2168c584715f0451ff7a3332167714b39fa4c.png,
aca30f9f12909ce1cc8e453db59a4aaab0600b2b.png,
acac0594ebe5416d8def8d03b5e0824e2e8433eb.png,
acc936c8931419d5f652044ae5ed1b465f823643.png,
acd2eef989ca9405a783065b70821d807d68fae3.png,
acdf34e3b30a36069f5ee59da651f574ba828d90.png,
ad1c80436496d0d9ec172ae86b34e8b2c52398a8.png,
ad4959429ce5dcb5343fcb1bc4461fed40225c0f.png,
ad687535777194ba7c6e96974fa8eee8da847be9.png,
adcd28e9c2aa32ffc0814a5b9b65230330807050.png,
adf1f2eed1c12b19a167562bb6bc88015f57ce59.png,
ae14d3bdb0059178b106aecb35267f92a280d1aa.png,
ae16520515827f659dc2f952f58169e607b4a584.png,
ae39ac71e2948ae148ab2073706683ed0913f6a0.png,
ae5d93e48a654287fce75d06be7734791160162c.png,
ae726ff3b6a2a202d65142f4e484fcbd48dbe1ff.png,
ae878d15fef9f6e49fe0ebc0478d63de16f88af7.png,
aec61cba9254eb96a22ee5ed1d784ad203ab9986.png,
aecd0bf5ea4d263748d2bf7ef253a4a01d62628c.png,
aedcaef9dcdce719dce1483bf452380b8315730b.png,
aefe3ab2ceb2e2556e92fc559897b881906e72f6.png,
af04156cfbf8a84d85fb323f248ee82cb1510e7c.png,
af4cf56e9473d5f90584e3cd8cb470df646354c3.png,
af572712bb82ed8dec974475f62e5d1bfb502fa2.png,
af6c79f19e319e321695a7a4bc1b3fe5eeef5469.png,
af833f24383ef7fe5e7aeaef5199dcfae8c4de5c.png,
afe22ee840c8cd8219ba8d908af47a52158e8ac3.png,
b05c91916dfcfd61e6ed53c21ee4c7e023831849.png,
b06b95ddbed253ce48f015223e5a69fe73366d9f.png,
b06e2562eadeb5bc6c37ac892c7eebb0e61df83f.png,
b08c6f8702f474aa7cbd6c96b80b27267034d895.png,
b09c663aeffc7064b4d4c92a3d29664ec656e2cb.png,
b0e3e08a484b7878bf3474e74fd8e76d874d3281.png,
b0e98e46e48f79e859c32b119a997aa0adba7efd.png,
b0ea1ad1dd0c29f492211ce1c9453593f41b77e8.png,
b0f468b82f05dc20e80bfc96162f7d5e43a90fc3.png,
b14984af6bbc9281611615529bd38125cf71388a.png,
b162988b5308020a7666e73fc26618e6680f0453.png,
b17509b63cea21dd256517d9c0c71250c09f37f5.png,
b18f0a801184722718296ad7878baca9ec000542.png,
b1d3b94b78c6e41e4c3178c612ac234398d583f2.png,
b1da908322acc3cea2f616a47421be0fbe89c76a.png,
b1e2139611810132c9e8f7281611292169cb9ce5.png,
b1f748228da4bf1a300381ede21aac8806b13b7b.png,
b25fae621836cbfdd922088d110898b2fa979e33.png,
b2973fb119267f41a4ce67f1a6d36c62e4f6f575.png,
b29dd0969b5bb730924b9f29faee5595f1ae136b.png,
b2ac31e63cd482413bb5dff2d4504ea0d521cb94.png,
b2cb1183f5b169cc6c3586c528482a95bb95c854.png,
b2cdf75ef5337f34a39b98297343e751ddc6fc98.png,
b2d9548b0efc56fac9bb8c640715a6964204f63e.png,
b31d92e8209628241a741f0492efce102f01778c.png,
b323ff64b1baa09d15eef7d5ebae9516d2ec3513.png,
b38e3046467446f2fe63eca526c0b0232e270970.png,
b3960b03e99ef96527a0e19f1db6149c6e392bcf.png,
b397abb8a43365d09b12ca067bda194625c6d8eb.png,
b3b80c2630c251400b14e2ddce74edcab91d70f7.png,
b3db0add42962d7c73f65eb77b5972bd94706de6.png,
b3e569590c858ad0640d780d50cd583beec83243.png,
b4479640ccd82d042c00acf60ddd0c7008740892.png,
b48d7ccfa85dce13459321a8ae3565d5e6a7569c.png,
b4b1c172668db75fb4bd4650194ad38aa973ffc7.png,
b4b9641cf75c92f84af5a3ad233b7de66f5dd797.png,
b4c63c4a14479e6dcee534c4ae3da21b47415850.png,
b4cd879569fde0a504e6a2a179dc06cd32370aa8.png,
b4f49bf34029befd77150c24f34eaab6a2724bb3.png,
b51aeadc36c185adcce5ab1de654f467fcadd5c4.png,
b543e2b76beeee6b0a43f94d8d335b018e569d02.png,
b54e69d632ce578826a10c1a87778277f10fddd7.png,
b58ee9d32cabaa207f21360ffd698119eb4748fd.png,
b5b3ae00e6b67ddf26f230f047ef4e5ba483b06c.png,
b5f38305a8f69d3a4b2fddde17b0465ceeb7e350.png,
b6218a6aee1930976eee1caaa85ac7ac7d62b0cb.png,
b64c553a54c53157935a3645f9f631d8faabc4ed.png,
b65cf84eba76b3dfd6b70c541140b915f010677d.png,
b66ef418d5bcaf14e3214bcaf0e1b216d1bbaa13.png,
b66f2fcd2e57351061dee3b95e82b115fd09d6d9.png,
b6dfc46af6640288908138bdb18cf70c18ae6b32.png,
b722cb43545fda6b2ff41ec52e0e469115ac556a.png,
b7332c0bb80dfff3be828cb4a4f3078c0166d910.png,
b7810973712e14ddc7e17e0e4d527471cfc81f71.png,
b789da4295df836b4619fe4ced05913aac1c3f2c.png,
b7b73d6029741bad986def5650c319c167e468f1.png,
b7b83e737d7ae0636a6035c19f050a7c9745dca3.png,
b7c9d921b60e37f06d303fa78ccab814e9fcd19e.png,
b7d4491847d7e78919abb7d0122bef42be4a43b2.png,
b7f62085cccf9005726940ad069a2bdb48099077.png,
b82fad127b013a709dfd3f3eeca9359851da1b08.png,
b83bcb21c5a242dd49f638ad418844e0ada29168.png,
b84660fdea534694a6f4f345887446576df00597.png,
b87603eee366d2c80ddd11675b965533464f3f76.png,
b886221101e343be158f1b1dfd4c8423b4266681.png,
b8eb8041ec90c8daa14b70081ad5493f4ecb09a7.png,
b8f995bd9e97b126dc32e7fab80dff03e30978ee.png,
b8fe097081e1524090c2ad7bc39c0f3fbf212d66.png,
b93401d2f81e996ceda83a091721c6bd5720aba6.png,
b94f86e6ca027cc9d7e794929f710f226808794e.png,
b950f2bfcd48fff10e7ff2c28c68ef19d1ec759f.png,
b96c076404c395daf86a20e04aea8cc475554e5d.png,
b9745bcff543ef4be3145f456550c1f63ba7ec6f.png,
b97de14be1c63ddd4890715f37bb26ff46fcd3a8.png,
b983a332539951dd57cf1d19d9efc891d476b6fd.png,
b9abe52b6db6f9b3f165483f7c260d027cece4b9.png,
b9b0644df61baa14c147824ae1a5e4add1900ba6.png,
b9dfb1faed23d365548afe9dbb011924692d7aaa.png,
ba048763c3664fe7e9eb0ee9d78df4f997c55632.png,
ba2cf9cdaf3c49bd0bfbcaba0461f18f4a11ec1d.png,
ba30ad9a8f6a817c3bd77d20e89f0c3997840a2d.png,
ba4769427b84e8ca85c197275311c3ddee368a7b.png,
ba55fc161d5380de3a862ed77b48ded239622c85.png,
ba562f981814ae0a3102a4b733af0354795fb6c2.png,
ba5fde4439bca7153c958185457f5421cff12443.png,
ba677ea95e2dbb9a44dc7d03e02546082be52a5e.png,
ba8868c59ba18a5b29e9c0f70ea29ac2c1c8199a.png,
ba94969d657910c79f5f6dcddb803bbe8dd720d9.png,
bb486fb87c851bda677a8b10fe800ffd6a00dacc.png,
bb5f2bbd29c1cb8afcac841a65466e2ace61f560.png,
bbba37382ba5646c28ce63224bcb524781541aa1.png,
bbdac04ef7c38fed805cd11e935aa95add3af1f1.png,
bbe58fbe70a23df921c912ebe588786a5c89ea02.png,
bbe5f55a3de40d4b60ee9291c85d10e2f99e660a.png,
bc27fff8c99291fb63ea39ca17178080b0efb062.png,
bc32af715ad31986d423a35aceb883e73f8e7fd9.png,
bc3cb51f6dc5fd78ff6fc9156e8911266a8e2b4e.png,
bca211c8459fca0563fdc9cdd619a5eddc385250.png,
bcfc0775e61e53a0772352ec4eccc4ba69c29136.png,
bcfc77f250f75dd403532cb41c3787d9fee64854.png,
bd201e235f782836422646ef9588587d43ec5fc8.png,
bd32674dc2e16449ff9011f5b3bc29f4953d4932.png,
bd3385f41456955385e90e56865d1ff68c050229.png,
bd68906ea98d1b70d63c043937d9ab1091947fc2.png,
bd7bf562f9ca444dfe63dd30705172e5dc37e946.png,
bdadcd85bbbd00871953c07717b0460c9286752d.png,
bde4b745a059f26f770d91deca202ce19d23bc14.png,
bdf3ad9defaae1c33696c8d8df31318bd9d9cb25.png,
be25fb06df7a5b939364d27f3bb3d45770bcde89.png,
be2a1552fa97bdb4ac7713aa84cdc8dcd68c4330.png,
be3fd6b11bae408e073bda24d8631daa5fac6fb9.png,
be4dc98784da074603648f723e3fddf98d467c98.png,
be540a867bb44324de2b8381b63437f74cc01c78.png,
be7d4bd07e2a4e11b0006f1c310a5e292cdbbc30.png,
be93aaf9a89ac5c2f69107b40417a75b0b7ae4cc.png,
be997659669f60cc51f18635176b9c37bfd33a23.png,
be9aaf08c09a6ed47b9c9d60e57b9b9567e531b9.png,
bec0d23fc207cf853369e6a1335aac42f6f71169.png,
bef728277397023d7d7b16af397d6953d78cd654.png,
bf311134dc7bab517d8f83ee9f3faa370593edbf.png,
bf43273714e5b3093d05bc2799424771f79f4a59.png,
bf9308be831031973c39486fac1d38f24808f6b6.png,
bfa0592c7cb7cf6bda4f1370f19d5107a5fdb6de.png,
bfb2646f065f38e3f016823d1c49bf92abe2c781.png,
bfc2a51e703553b2e64e6a8f6e64746424a819da.png,
bff951dca70330dd179e582f75b75d774b3b6c9f.png,
c01f305d409e2948d10f2f1863b1d6859e743a5a.png,
c028a3153606132681ec3fe3d0c1520f994e3cf0.png,
c02a3255621b4d86a5accd84050e64dc8b9c4c88.png,
c03124e9f3cdb63d8fb47c17a14f32793ec5e414.png,
c036d62dbf939fd18b433cb383ccbe86ed975910.png,
c044f377a446df2c078b2eee2d7768c647aec292.png,
c04d0072850cb40fd422b56ea77a087166dc029e.png,
c04e13a1b2a5c8e34d1f39f3f72aa9bb682e13c6.png,
c04e268ed178cd673eec73dbfefb0cd8ef118c5c.png,
c07078caa2ba0fd79b0d1f2a00e28f943d4aceb1.png,
c072f2a7285751af5edffef94a73902adcd9bbd7.png,
c09617356f8e763b7997df18ca21a761d779700d.png,
c0cd2d7ba2e95852214227054b6e0f3a2de040bd.png,
c0ec7e61f256cd51446d5d2cec1bd660d91a3b3e.png,
c0f14ab55bbd0c9ef3ec0534c75e6a1bd8909665.png,
c11a66a5c60fbabfe8fd41e1d985d8331255c1f3.png,
c12a4c6e6ed744a6762084b8758a276a37993a62.png,
c18d1985fcaed9640a1972ffdbc105feb285af27.png,
c1d1acac2b69ccf1db1f0c1188d3852fc661e001.png,
c1f36bc2b4beb1a005f2d19d6f98d6bba13a26b5.png,
c21f4558e3bb49d9441514e299cc4f0248a332cd.png,
c2225f800a38ba6903daa7e1099e036a7244592b.png,
c245b9eb5e75deb8702c014316ca30ccc171fe20.png,
c27b133adf1a9b81a4c42ec0a085bab6323c54f8.png,
c286c00981c11bc02906a5379eebc8f1a45c3ba1.png,
c29e2423d7e8c457bf13259edd6deab21ef08698.png,
c2cc3135195dad0957fd67e383d5599b9484f860.png,
c2cda19cfeeff9814b2f4651cec7dfbef3c3a886.png,
c2ed0ce90935d5311dfc2c59ec610d2c93b76882.png,
c2f96fe25426984fcf07ef7ccba07820f0589353.png,
c341a009bbfe21bd25a917625414cfc7cf5f6ee3.png,
c34cc9ab08e742610e1befdd1aa40c24e3b88b82.png,
c36fa893f0f3b5790cff3457060a55a3d2871b6b.png,
c377d8887552c2839143c34c8c01f2175353e20e.png,
c389f2bf8455356f4bf4ad16fa9694a133f3faae.png,
c3902249225144e253d864cf95889a52418c6805.png,
c3b8707a894b069c8ef53759c17eef0596ada2ba.png,
c3cb2e19763ac14e1639c0a76cccec20444c6b7e.png,
c41d5d06208c90bae520341f2d7734dc2dbed068.png,
c43046f2589f31f611873ed0f2d1baba2e970a39.png,
c44c512d4cd253a12acb71da8fdc66fe3da84fbc.png,
c47597a63ae0070fd532078f09c3fc5c9615c122.png,
c475ff9a95852eb2bf98d3c598c5165ee651702d.png,
c480afbfef50be29db78a96c11075f89b901004a.png,
c4891940fd85c90e07a39832f1c99c084e0c6319.png,
c4b58dcb1ac11f43b77a2303247de46ea2a8fa7b.png,
c4c96d637ab487d9b5c6bcce1d5281421b6c674f.png,
c4c9ff478683b5bc7f44654acf462e91ee8d62c1.png,
c4ea6b688c948cd404281d28b961db6395365795.png,
c4f3761327c936b004b5ffca109190664662b034.png,
c4f3a29428e01a0e603534bd54f8c6894c6f71a1.png,
c4fdc439f8313c16274d7b8f866386f4a89568fb.png,
c568ace76f783b5344098aa4021eab263c886539.png,
c56f85a73e002c08bbbf03f74db65d455321bf58.png,
c5902f814588e63e1f85f8de160c30055ae96aed.png,
c59fc2df91fc6cdb4b34332164dd69977846f5f4.png,
c5d13e058705becd8c6e9ee3b7ab3157510c7d33.png,
c5d8b3b6ea14127c7b5c8046b9656bd32e2842b4.png,
c604c7dc35fb745f450f90bb8b3c1e43d1ef54b2.png,
c608abdd94df2157c7984c59e42c825ec80e1ad2.png,
c608f54e6ed44c481627bda41efe2ca3cecb5b55.png,
c61f6e9ba5ac9ba29d108b45dce46bb0087e1445.png,
c620ace8715c02e9e74e8681df3dd1c867fb0689.png,
c64e86df876e78a9b69a0196cebf575ed70a829d.png,
c66c93fdba6302a587a62adc0e5620e450c61765.png,
c69f3fc79124a369a62259258045d4c13e3e802d.png,
c7106b5fd5fd65e154e8b26ff9421c3cd8df15e2.png,
c71be14c72399e68d7138e54ffc0596320df3856.png,
c74ae764ca30ceeebff819edf78d6e04c04f03fc.png,
c7a65aab493eb953b18715c15a0b60145cfa4c5b.png,
c7a8bf7526d9cc2639f88fd8a0fd6db95eed6607.png,
c7c0bd5c95249ed738c223980daa1d32dc491b96.png,
c7c2b0c6a65ece4ce4e73dfdb92e687437d67b69.png,
c8297089cc0634c030a1cbd63aa2ab479e19174c.png,
c836104a7ac637abf093e8e4a70c2b2bf20eba8b.png,
c87550752e118efb90ee568c39c28544706b479f.png,
c8856fc8400538afab2d3ad2b872172d10c01696.png,
c8a5986bb5b8867eaf2a991f33bec69a0a423b9e.png,
c8aa3afc75697357228301552af61e77c2092d84.png,
c8c63ffebf8a81a4037ef52f9e19d434956bde67.png,
c8e32549284e069f7c4e159fe0fe94bce0442d0d.png,
c8ecbeccdae30c9fbb4bc38d8fbe404fc237a4cb.png,
c927ea1157e738949866cc5487b49d5b0cb6550d.png,
c9794270aca13174b88f37689ceadc17864ca37b.png,
c97edb1be58547360bb58af2e2e4cac9709df752.png,
c99cb13d040e9688cffa276e0246cfd76eaf59e7.png,
c9a9cb0ce1b6c64c08914f15ee43fe8b68770d76.png,
c9e45abb1844a4903638c4068c9de97a6f89a0c6.png,
ca0922a33fb1b4248f877c00913d9863e4037c09.png,
ca1efd1fc8dbb15a1ef33de5f4a1b93d1fa643c5.png,
ca4dd5c1b38587a8e41df1508fe149a377147c2d.png,
cab2aa3b716bdce8efd1fd9fd3ed788f074b3136.png,
cab7809d03644ea0e23ead1032dfd7b5b8aa4363.png,
cae5c29bad9de3eb4341287c52d91b7b76546356.png,
cafd1c8b271de72fbfed6ff7deadb9e4d5ab8e32.png,
cb3734bdce748d2a6ff8ec6f4371f667c7c6faed.png,
cb654dc20ef51a9c6bb42cac28e7ad2bc214d516.png,
cb67e701c8d336d24dea7bdd22221edfb178709b.png,
cb9276881118496bdc9ae45f92b432727e4a8398.png,
cbac68995981507f47548a0d2846445e925631e3.png,
cbaecb3b94cda25a3e4db79f842fce495b66bedf.png,
cbb6de8f4b312b7097fb44011863c103807a46c7.png,
cbb8ee816238812a2b28e08ad09c553f36df7ce5.png,
cbbe959a4207266fc874f3353609fad2d6ee2e6a.png,
cbe94e6e4af2a35ba65906f493eb945b691304a2.png,
cbeb5c48bb908162339ad2b7b47ce386a37041c1.png,
cbf3e52c9ba70eef535fcf914421d59ebcba0c7a.png,
cc113b6a661f0ced4f33a50bd8eff76b2d6ffe1c.png,
cc2f2659f14607799da411f8869bd128c22d7588.png,
cc3d471b569b6a1fa7d5b11a0f815fdf34014f28.png,
cc4ebf6bf9e3a552d134a518a5b1954e7816a79a.png,
cc5f9308cbcbc96faf6e77a66fd26ba0945d8a0c.png,
cc719eefaabb942c84f5444d2f54858e93d5ac89.png,
cc94b02769760ef9d8a35bcc2c4c3e43b8e9fbd9.png,
cccc4e46e15ca0c0d3282ad946c038aba7261db7.png,
ccd1e7ac1706a05f3735ac483806115a7424ddf3.png,
ccd39a31007fa29913b5e71027d935d2d101f3dd.png,
cce8393af219cecb97519efcc766f00f1890bbfe.png,
cd0bc9507e964788fffcc9ab13149aa3a6bad47b.png,
cd92c948e8cd010bff63685c7e5a12216007e945.png,
cd9acd60fa9f63627edd626901087c78aa3587c9.png,
cda436ddd00f4e91a00e163e1cbd25c5acb9e1d3.png,
cda6be5830d4f7de7fa66b1c954826b26a7dc8b3.png,
cdb28c67a340e62098a5437737dd8bdc4580728d.png,
cdd186129dc5449574a0acff17b0b6c67037ad75.png,
cdec4731caed518f6b67903f1ead98eed838c393.png,
cdf265db219d0b99083f8a518c7a1e99f1f74f9b.png,
cdfc580fcc13aa0d3108c76b8efa32f647fdf8c2.png,
ce1eee378444d80f4a7f1113591010688465e409.png,
ce23adedc3200c9e94f9779b2347d173466cb55a.png,
ce2ce4086d19de51a8439ed1ae9936aa465a2408.png,
ce36d76d404747b38bd1c37e227057b844c185ab.png,
ce47acbf54a15650144908263649b3dfab5e3569.png,
ce7c86f9f31b1084b10a15ff8988a7cf34e927b9.png,
ce8194174c718150fe9aa1ab11ddceba2c2357c2.png,
cec12ada9c68e9acb4c612d18037c5b4a88aa7ce.png,
cf5cf24865234703c083710c52ab904bfdae4c35.png,
cf8f9f8b2d99959ed848e480e80eca34c0231d2e.png,
d00ac05a63128c8adbd42ae524a4c5cd14e104dd.png,
d02eb8ffbeb0988ca0b1291d2d7d38ab1c6839d8.png,
d03a58b539de5cf2043a6186c2e59db8a74228a4.png,
d093ca9cd083ef2beb098657a0f044377fea7229.png,
d11a20495f9fe181c4d3c022cbb7c9df3303a4b3.png,
d15071252d6b64af5c4cc5c0df2e05a3e8a5f677.png,
d2143db3029d7e4cafa8b8048705e5731984ab37.png,
d22004eba56febaef67781e6b09997bec6dc6890.png,
d25a2899e7248208eae284bb6c49fbfc14c29ae8.png,
d27cfc024cd7158ca016a9073560095b41cc22d9.png,
d295c4d7851d0e233a95489e79c93f6174499c3c.png,
d29a06fe5ef70d6b7e5bb72c5dbee8a2ba2d77a3.png,
d2cd9ce079511ae3b9884788440405c04799723b.png,
d2dac953e0f77c20178e740e43489dee70ffa1fc.png,
d2f98de9a6fbe374dbe91f4b7b927f6b6bcf326e.png,
d2fcff255312bce92bff79ed14ffc88969a8f09b.png,
d3874275a3537cc9129a870932974b7f9cb01910.png,
d3a89a651ff81c9a90041cdf134b5b6c29fe0fb6.png,
d3bbd5f155b5bee8f7129029d6239a19163a1ffd.png,
d3d05c8ee51963d20b015ad12fe07e040980809b.png,
d3ec3831dde8a2c9b99b133442ca2d4a1d3dafef.png,
d3f018fa70c9c013b6cb0013b091cbb4fc4f40a1.png,
d40ccec6dbed7cc11ccdaa93702ed5ff6489c559.png,
d42201cc7575a9fa28380d6be26024c3649b01fe.png,
d4b549432e351c7c4d39c85654bf1a57a6ed543e.png,
d4e896ad93d3908af420412c097d9b1904d52b16.png,
d52d6e3be1efd73bdae42714b0f17442ff599d9c.png,
d55ecba8f93db9cee5dfc750ca482708eb96ce41.png,
d5915ff59436ec2451ab1ba49c2d47dd988240f7.png,
d591c8c6547055fd1c2bba3125aad0a1e77c05d3.png,
d5c4ee2a5f1842ed8b5eee10bfdddcb76e4ff51c.png,
d5c4fddbe5db428b596c9ada6e509a0e708ab53c.png,
d61fcb62b2148f0af463c1a70418342f80ce6880.png,
d6281f58c8b80d37fa04b529e32b12d5a125a4f2.png,
d668f188002784e9807ef00c703ccb7018575891.png,
d69fd4ad30f54afa147deafb70c7f4adde733b5e.png,
d6a8cb9b7d27f9ede2bc7c3eec56fb6e55786203.png,
d6b371e651d08dc7937e30ceb419a60ab2a19d5d.png,
d6cf739cef1919ef9a27dc1eba07db6af5a9009e.png,
d6e6316b87b7022b76d5cd4b58dac2be482ca4e3.png,
d72064d9102105ecf6218b88802ac11a7ce035db.png,
d728266e32873837088e676064ffa7a02b260a55.png,
d7733bdd0cfaddd901818b0bebae1ecce408082f.png,
d78678699ec37e8b091d9f52a7d932bd41ff10d4.png,
d7a78b6b7c33cbe2901fc21dd6763dd46d61f58b.png,
d7b1eac5dff82eb6e62b8b7e5f056e9c8a9f9717.png,
d7bb53ae7b46f417ef19a88bf099d4b1dcf8edc4.png,
d7cbf710dc2df9bbf85366763326588e9ed23956.png,
d7e351881156ca961e1cc48120190b5d7587d0eb.png,
d7e46aa1f17c5ff5d920f3bc225d26ad9d1b189a.png,
d7ee2032bd0c7634095ac781c04e672a1310cb5a.png,
d7f45bb3ba54247488783ee3de10a0bf877ebff7.png,
d83020aba3976780de9bc5efd09f567ed3f9ed8b.png,
d8611ab9054d13ee4527e3447af410527183914c.png,
d8694d4e571209be747c8dc29a31e8583de533f2.png,
d8b43f94888570bde0acb8dd57d7e1f05438c1b6.png,
d90d2365e7b74e2865c66a697b709f660b23baef.png,
d93e581672ba7ba408fadb96db42914a035ef0e6.png,
d94765f9f381be6e35a964f3708bdb093d108d04.png,
d95b30552f36de3a85f0af33faa7ed04e1a16bab.png,
d986a0f23641f86dbe3c41754c3f8c67254d377b.png,
d9b61ce4e6c4e89c4d7caad99ea45f294138197d.png,
d9e06f4827e092bf1640d0732a76549e32a63642.png,
d9e37e8b684f405921684e94dff9d138b3fa1500.png,
d9fda0f86e91371dcda6b38af47cfc5c6e18a035.png,
da287e9670c2e9853488cb610151a36f0223a61f.png,
da7a2a98c41fe7896f53152be2514a952993c5a7.png,
da917cd01f2083ed4045cc4d5d183099afdec18e.png,
da93d7807bdb122949c16e40d2b0be0bddc47471.png,
dab12b6857ff4ed2582eb7fd4f118ffac4e9cc32.png,
dabdbab369741a4486aec540a76017ceab48c1ef.png,
dad53e0ef83e1b35871f5c911598e06a4b97eb27.png,
db228641585797a8ac4221403826d97a3b0ed0a8.png,
db27c1a9ce4433981f92648b858ea7db10398519.png,
db2dd8d28fc7d254a884857f75ba30d01dbbcdd6.png,
db325548d122c825f9277dcfb84be32500f663b7.png,
db4d76b4b0544ed36a33f7913ce5a1dfcbfc252d.png,
db5783887d760daeeb76e9920a9a566102e410ee.png,
db76c4edf75dbbe8e12b55c9ed8da2d3902473a0.png,
db94e897d88b01b3a6bf81f7903a43a131e153a5.png,
db9aa2d94b57ce0eb7f1742e8093dcbc142297c4.png,
dbf5625d155e2019242b7811add66fd00f63fb34.png,
dc01ba022e0acabea727d4fb0ebea78912de2ef4.png,
dc065e6f94f8fdeccc43712441a209704c30e0f8.png,
dc837d86849a7c215024532d9f8d9a659dfda8ea.png,
dcc0d01eb32df0fd7bd05359f3608ba041f2da16.png,
dcf0c677468a9298b971e34db3a470b058971b10.png,
dcfe59adeb90d2472b457d8dc5496c435c8f8165.png,
dcfebfcc1b730c88234d69ef956066da472d9f0b.png,
dd31216daf7fae7d82916972bb48a9a6043a0605.png,
dd38f837e7f3060197e0aa46c94eff402c254372.png,
dd3cf6a2abfe78bfaff0ddc8ec499a39f77706cb.png,
dd63eef4632de1772cf9be77c56c7ffba8625bfc.png,
dd8e902b47b3d94048c6b9a4225da91811367bc3.png,
ddd8d6b565512aba845d30cd4dff174abc3b550f.png,
de2688241577c9a01592cfb3dcf820b6e25d309c.png,
de27ed6067ef84aeaa3dacd9d39654f9fe4d18ef.png,
de2d41a9524cc8180e644bb28a0284b4eb6a4e00.png,
de745ae30abcbf0b61a6594ebc209d12ec3b79f5.png,
df28010ecdec37eeb88bc768dfae35c6bea42821.png,
df45912d63cad43930d977f45353817475602230.png,
df4805b83e6d2a418b78226e5acd1e37c7788e65.png,
df709b85a44198d523f7c6f4362d809fb9039797.png,
df864b352ed5870658271a85d419d6a53df21cd0.png,
df8caa232a1771b857d3394f93447a8a42aebb49.png,
dfd0a4322885afc8aca21f7d5b735b5dbfc4555e.png,
dfd173639bfd03e7255a60087061f359797ce4b3.png,
dfd3b67a254a8e283247909b3654cb7b7220169c.png,
dfd4b9522ac851bdc8f93bc4bef2cd4cf71cd154.png,
e0369331ba2c1d7c2d4f512bc931c81dc0b1b6e0.png,
e04ebfd25070e6c312917215b5219bb0c0ed77c6.png,
e0f798a138dda214923ed270b2eec930131b9825.png,
e0f97117f8b1e6dbf9a6c7bce52e99644daa0ce8.png,
e11b7a8699a359fa065a361933c37f978331a073.png,
e153c7195c4f6f613801bde0b73f9a13aa105063.png,
e189b301b4b8588dbe712b111370ce17ca93ccc3.png,
e18fdd6898e89253d9ce199e3f36636f3705d923.png,
e1cd9b92a4fc6af7c92f7b2d2646dc5eed865969.png,
e1ec3d46a0282e75e6e8ba45889aed70365a8194.png,
e25837b628b754743c4fc13818e5eca7b3b69c06.png,
e26fb367bfda065dbd299fa8cb6525bf1ab1ed86.png,
e29c51fc7605796e10f577d7c8487e1f15ef849b.png,
e2bc85001c3232023ec128957f5b17d2ce70473f.png,
e32c91b21d4f1c73bdb39526e5135bfae01d8acc.png,
e356a91d7c771ab3f85cc01544f90cf746ac79a1.png,
e36646b715b4b96d18b1680ce703dc8fb9ae7e41.png,
e387bf020e1da0d1b2c50165af5de4efe90ff453.png,
e3a3ca7b22d36abc929c0fef7cc4882fdd6f86bf.png,
e3b496e7a3d0cdf81973827295ee70d8048bf8de.png,
e3d86a15528ab1d94441d3bb18441fbf62f52462.png,
e3ec8610853a0d86325c1ede81cffe6973a44941.png,
e3f8ca9405fc09d8099f12081898165909a8bc7e.png,
e404ce22f989f06ae22339b339de5101ae017c0d.png,
e40872e71e752264ce09a4b8e01846123291e65e.png,
e42b9fb45897d4d8373a5b09a872af34a6bbb327.png,
e44c955cfef08e68a72e7b796acebbf0a5e7d442.png,
e4659ef077f2f828fb4c2c1f11ba1c52807a7a64.png,
e4e1d1230227651f42e5ebb1e442efb0a8f05a5d.png,
e4e82813d0579ddd71e6d24905a748b8b6fe83b1.png,
e4fcc05e3b241f34b00b5bc936e365a4ad4849d5.png,
e533fae4d06939a8fa46ed7de68714e2353ff415.png,
e5418e67d3c1e44ac11a66592f90a7f64c0b14d3.png,
e58bdf78a08148e468c3834c26e1ffb0ca223488.png,
e58d64af3b9640d1404b967f377304b013ed8e41.png,
e5962ae27e57cb0e0cd8577cb9643adbe8d7b7fa.png,
e597a7f0b306472216fd6f05b82bc56886a3cd9d.png,
e5ad008461faac7adfd8a7630c456f2f366eb856.png,
e5aea81a4f12da30258ba265eb8b37b61111c7c4.png,
e5af1c1664801c150eb6990641b9603338f13c74.png,
e5d5c2bb358d715d6e2ab30accb48ca256786ec0.png,
e5e3f74a1484d4c899a33a52a9f3ff1279d5402f.png,
e613afc08da05cb292eb0501c5b5ffadb6ba0038.png,
e623479e206f387e1290e3d524184e4abdd321e5.png,
e65fcb5b4e4748924b335983d292e721d4aab209.png,
e6694479db263d0fe4c1e7cd3a14e1fb38385d6b.png,
e685bc30841b33f62f173a35e5b0dff8f84ee5cb.png,
e6f2ac86c8a3b7bedd82e34a20c98544f7692e04.png,
e710c836e6f6191b817f33e4183b05732adbeda7.png,
e719fcdc0a89dd83403ce717d9300e31b9d6dfba.png,
e740a98fbd19b6466a9b82b1414f97fa2acafb2e.png,
e77be712f33a767ed6701f804f9a4cc9eab84e60.png,
e7803ad2a51b3501b1f42f72bc078c5cf56daaae.png,
e786f64fd4312056a1f202f4604e693edd81bc54.png,
e78777f95c4a59cd9a7892d42be3eea143c0f49f.png,
e78b33c3859b6a8414ef842a2f1ffa6d666683fa.png,
e7db35442a575ceaf11a34ee4cb85dcc5f1dc5b5.png,
e7fdeae91f776103bd830e8874e3f94d8bf481c0.png,
e807534006c8c5f43e124af1fb3b3c16a2e56973.png,
e81a1dee580c144a95d6c6dac53d2d57d3b5c55b.png,
e83ef0cab59a7e71bb07442e0755a8303e1482ed.png,
e88661c0a6176155df9f816b55bcb3e2be4bb333.png,
e89ccf1a4b5794ea6918e35eb94a1b7fdb7ac57c.png,
e8bc2ff6608f6ed03ffffbe3b636aaef8d834713.png,
e8bca7aac4dab7c63948d4e9ed0f9f3eb4d3bb41.png,
e8c1a1d5b99aa7ccc4038409d8103d30b65460eb.png,
e90b3385ea502bf2cbf40d9ef014c7946277d853.png,
e90ccf837fa71231869f042f1a495ba4107230b3.png,
e91c38f73bdc5c836d8e4881c52b477550feaa98.png,
e9357b3020eaa2d610f5f410a70ddc837f0452e2.png,
e95388ac290bc134cb59118069cca288f02ddda1.png,
e978cf5a7e385beb35cc168a26078143b6bddd4c.png,
e9b0ea67f0212d6daeb2d2ba0582764e718e4650.png,
e9b44b12e6fdeefb8c3af93e1aa2b3d9b58f4dd5.png,
e9be74a363540dc297a999affa2c0de1cbdc9092.png,
e9d0f2b2da0f81984eefec8e2e0a177f5236caf9.png,
ea058d8c5c84e5b9e9aae321fcd77210b112b1f1.png,
ea17834cc5709337ef9fcadd354bf9cbcf317ff7.png,
ea18f7ad5b198656001cef07d7b2c35491a9df72.png,
ea6042d7641cf59fe160959d2101717baedd2981.png,
ea7fd4c8828e372aba4eb024a668887acefd292b.png,
ea85e64078d1f0105239ce73e16532bb0fdc0581.png,
ea9faf13d099a6a35c7394e79bb4074a2d372ec8.png,
eaaeb13a9157a3b4fc38306341cc3665b7f460b4.png,
eab6c7655be7533239ee8e9bc36d760449204ada.png,
eadf75ce8556c52f8e9fb1a0109067a4ad218c93.png,
eafb623b6d1c8e87c7afdf8c73cff522521585d2.png,
eb046a844165dac12e6b79121281236eff572596.png,
eb053d4533825154c78845e853469c12652802d1.png,
eb0fcd380bde36636479c32a9efbcc07af31a899.png,
eb906cf294003a44606f42e1a9df1d4d54deb3c7.png,
ec3e417ccf456cca2a106c445be055981395f0fb.png,
ec626f8219cbab9d03863dff6ca35e018a40ce4e.png,
ec7580f5d9b400eb23a016bcef4477b0d2e9a521.png,
ecca7fb0d99a93dfcc495efa132d5bf10ddcca56.png,
ecd92b7902f83a5bd4f9ad07402992b55ab04303.png,
ecee6b6f813e6ec3ea85934987a573fa97d64760.png,
ed034da6349dbf15e061cd7f11678d35f36aecf1.png,
ed0dbf8e894bc74a10337b648c4889d90e6334e1.png,
ed0e69ba5c7334fe5770870762dc195dd668e8c0.png,
ed125d193de1c5cf4eb2e0f78ee3e83549638dff.png,
ed148568574dc5c160994d36d15265c673c173d3.png,
ed259791e6873195e3aa5e0711828b13f35d0c91.png,
ed30c116d3a799290dd336134cc90297df4f451a.png,
ed4c05c829a2fae388e1c38630ba909aa2368412.png,
ed56587591d49d70af10634cd28ec056491df3ed.png,
ed599a12a33ff0ea4bb3526d5a442c8c8ece5008.png,
ed882277cfb13ec7cc1df37bc5dbb096cd196de6.png,
ed8e9da5c7944718d05478979816d796dcc04025.png,
ed8f9cb1d77db044a6efbbb19b65fa4022314ccf.png,
ed9b03aa40f05ddb12f10746c96702d8228c8ebb.png,
edfbe86f781b1290900f4d31863035a726231f66.png,
ee148c6e9c08c41fa32c1add1b8ace6f2912a5f7.png,
ee2dc37bc77093dfbd4add4f6a5071a15532cdb6.png,
ee83b52aead4a252cd1d34cb23600904e5011160.png,
ee8f509975b31f0abc2b0bd9f3f5e0f3476a8d9c.png,
eead628385b7f1bc3a0b85dd755a175d5771e048.png,
eeb4aee8ea4555867bb67d8dab464465a2f9e654.png,
ef06d3366fda5ec90331cf7ff95a71058f8882a8.png,
ef2b17cdc6c1b04e2804296800aef0b813f88d99.png,
ef37e8aa99026ab1476ff82c5ae4880cb49feee7.png,
ef5f03121100e7844cb13b1f490c203c53b499dd.png,
efdcc74cd716d3c24f7585c2c8227800d1773a24.png,
f015241c46e090cba86b18e9e6fd4621400dde60.png,
f03e27f1ea4dfd0d6bd32563adcbb5dde71037a7.png,
f053eac9f4c253c139944ad10ea6ee5b709ee7b6.png,
f06512d4e5dc282f75d04195fc1e4f694a4ef7ae.png,
f06698bb1f11d2824aee804d73fd640f3910f44b.png,
f0742f1b7ee30855b4b3788be37f4221f9cf4342.png,
f092f94c6a77f701ce091e93fafc8217c25f54cb.png,
f0d15400b7e4827a5c78b39c3a39401ed105573f.png,
f0d55dc2f0a723bca7ef9c6a3347dc38642154bf.png,
f0d879effeb745af26ff80822973071d1d8ad537.png,
f0f4bf6a8818a4a24a22995b4e3534fe17043041.png,
f124aebc6225db5c7026526904e7ae8c3b3ec88f.png,
f1312d28ad6ea9916b0e779d3b89b4cbd09ffd8e.png,
f1350cf5e2b1432b8a8c015bf9a413c84bd13b03.png,
f16085e297e9bd333e305f1269458e1ee3fb0eca.png,
f18d074b412b5ae48ce04604091886626747f3c2.png,
f1b50ca4965a7986c95135eb74b308184a3062bf.png,
f1be7b1f23d166fb5fb5825ec087af02fcaa9649.png,
f1c782615eda7fac4ec5df9decfa136465921a5b.png,
f218ce034a45180f19c6edd0942f7734d6150ae7.png,
f226599ea3d01e7130de7c468a99d69ad0d7d93e.png,
f227c2ea11f1946cf8e4e85b3151171ad7c11d4b.png,
f2527cfb06f426ec312780e18ad1a8b454954404.png,
f2794e65350ca936617db685a45f678095cbdb79.png,
f29e9d9561e28f9f34250c226290e55796a101e3.png,
f2b22487550aeb26b3c09f3eb8d3d15c0ffee8c3.png,
f2b6668c970b75fd707adedc4bdc04ff121f7c1a.png,
f2b853155c14395e84d86ccaa22d1f8137fd6b68.png,
f2ce163c0061cfa6ee75b13f838a700a4685ade2.png,
f2d8092bf5ece06e97ffded73dd0da62b2a2defb.png,
f2e47f14cf89203caccd6158f69831d06ad88aa4.png,
f30214b218bf90e2a8ee95c4e95058c4e6a5bd16.png,
f32c62c58d4e1767b059adef7edd42a416b531c9.png,
f334e3fe8dc1cd4017378796b189376d8b6ad5f6.png,
f355ad8d6c1fe6ce6ab714633fa5e6f6d3051490.png,
f36f441b47358fc5378940df4999e4a54cc20009.png,
f36fa3a939cda29ecbd767c2011263e78f70b399.png,
f38ddd3c8d57f2f1d6ecb8b23d451b26103e7975.png,
f3e800308fbaafbb980ed66192d1aa4844df6239.png,
f4151767d8b07621c49ee40d5363405cbd3a9725.png,
f44201daa03e5d30f1d193c300c250db04c25651.png,
f45ec20399d286ffefa92f23a24977ae0e9b42ad.png,
f472c5a26eeae26970f48867ecaf006c6a1f773c.png,
f4871af9f112ff1c0f709fb035d6cbd4e13d76cd.png,
f4ccd55cf515d4859504c4abb06b3def0265f98d.png,
f4da09f6e391ff443de98f87ec0c515f67690980.png,
f4e98738cf98f116597f556621efb21c701e3eef.png,
f5055a20f695724e66e13a345ed0a3c8ffaa52cd.png,
f509869f572532b52e350f3a310617acba18cb98.png,
f55d97e13f8ab8ce7568749eca9f04b5f6f5185b.png,
f56af427c321abc56aaa481fcb5e9a2f21612e2c.png,
f5a75657152444e3d86582dc16f8b19d81880f9b.png,
f5aa859ee0f5085a9c93c1971718a16ea433fb5e.png,
f61f9d78e4b2fa81507b90d88c3c4f522a4231d8.png,
f6547175c4aa183cf1090bc447b867dab84d6fff.png,
f663918e4abf4cb7a3e429c9af998cc50ce1c10a.png,
f67d6c325a60afb47f29aa33edfe9aa1fe60ae10.png,
f6a5f9a6cd6eebe1e2812b93fc09ecc3acc29c1b.png,
f6a9b53dabe9beefb0e87713835607b7ae6a3118.png,
f6e08949d33c37a711604b429a2cdcf84929a9e8.png,
f7064c9037f8caf384613ad8733844e65dd74f5b.png,
f71bd8ebcfed71d315700cd9067e5e4f88a8928a.png,
f7320dbe1a1204a13dd41e8daa3d1aa223956dd0.png,
f7566dc8ca882f96be319154f683958335bedc9a.png,
f79e2eacb9742fd202515af5b378b141d4ea329b.png,
f7a0e64e91c5e4b9c7e340e6c917ff2548c7d504.png,
f7a9a6bda44110aee6387d9d07b80a830a74b9de.png,
f7ef0bea27884aefe72bce8705b3a82063d2f7b8.png,
f840e90e8c06d2133dcfca30c789d2ce128d6ca9.png,
f84c064816952db0100dc10d02dd48dc92adf5d8.png,
f85a40d7afb5bf7827168efd06187c6a713655e7.png,
f86002ac9997d7596c6156d34ed1e96b8e75d574.png,
f8aa78ac5ba26492392c0a35661b1efe8b375b80.png,
f8b78dfb2a5defb621aac64b8773040434889eea.png,
f8b96f7c50ea5c86c6bae4dc4d1d56b36b6beef3.png,
f8bb9c9a74023c2a377abd6a2493a774303524b8.png,
f9042ae986d49b3113cf2dc98c443e95da38d4a7.png,
f90c115d541e4d2bf2c49608196e74c4b429fc20.png,
f92a8f35d511bfdd33afe54e2479c06ad2b51536.png,
f92e1c2668fd2b4b5eb51c2c571bcc7cbcdebdcf.png,
f92fc2b719625cc419770d21a61fb4d76e345bb1.png,
f981c61523145c59eb050b97adb77f870baa6132.png,
f98d723f13831dda7b60d89ee910fe41c86a64de.png,
f9914669728de04eaa38d231e0a9c56e6701e3c7.png,
fa1a81e9882e8da5e5e30e16e65516ca1b5fdf78.png,
fa35bebc30d29efaea72e27467b0d35c887051b2.png,
fa4c5d36570a0226f39c6321bf9446541a01ffb9.png,
fa515574c06080f222ccc77532ff0be1dca1f2fb.png,
fa52d0050a6a336dd96879baaefc6a5fecd30f8f.png,
fa762ee848ea91f543f619304e212418bcede1ab.png,
fa929963e8d139f77281d96c8595b5ad5b218fc1.png,
faa4302a2c8971714bf15125fcf2ebdf8b9fc230.png,
fabd3ba324a824d7343b3238fb24c6e94f5c5c27.png,
faca7a5daa8de7e9ddf50137cb044523f835a0f6.png,
fada869d08686d3dd77dfe8cdb39ce2c4b9a4447.png,
faf70342d4f60e821b11934f21d37c36fa736854.png,
fb0077f0fab0762ad0d905982bca36d948d91287.png,
fb21b2d123838066181eefcd16503e38598ebf8e.png,
fb3e44052e24baa92e6ecab0676ce592fdac73bf.png,
fb7725669cc413cc143cbee49b919f1c4a9747b3.png,
fba1791296d42f2db3108566aad527eff1cb0246.png,
fba9687131bfdba35432173ed281853516f0b150.png,
fbae9707aff68f24a28b8c281ef783c5fecca4dd.png,
fbb2774339bc0ec6ba9bcaac679ebc398a8fb625.png,
fbbd0d30fa52aeb05cd22e14f30a6c4cf5089d61.png,
fbbfbe0ca30edce5c21fe5632ba064215604e6a5.png,
fbd1de59e72f357947b6dc7523b4a435da4d09ce.png,
fbd672e6192e8ba3c82eb019bad32f2d479dcfe3.png,
fc0a6cd748004ada8dd4b81c339858ae9cf1d399.png,
fc0c1897da3db0adecb66c4439875afa645c7230.png,
fc6d5e537aee5aee327bed7b134ca159164e8794.png,
fc95b889a5e0cca1f917d11d3bbe24a7be3ce9fd.png,
fc9c64c95f67f2d5fedafd0aea139e46dc2f44f5.png,
fcc92ec7384aa3e7c979c123a50cc773eb6c92fb.png,
fcf80060800a41b34a0cbaf1d9f0dbf090ede3bc.png,
fd048c7dd3d3e9b488b30d5fc10b986f7ad6a91a.png,
fd16f3927644305ff696c2f49d3a18f66d83c86f.png,
fd38ee207ce31bb213f5704fbc73fcf335979e27.png,
fd3fe6009f30460a925ee05dcd865c314f82e184.png,
fd7569dffd919c9e1b7c9ba1468bcf6e455f3b69.png,
fd7f9fad26afd8d6b3ab4a06c5958201dafa44af.png,
fd8090a48cba61c723c71891be294369d1c11f31.png,
fd823a9e708e90eb783b0603d43e3707f4b397df.png,
fd9799eab143a0f1c9a9214eef1d09266171d8b8.png,
fd98824c30e263d9688138e52cf01f450d00082f.png,
fe0a883ce34e15c580ac83642c2cf1b722121ed3.png,
fe0feceaa24b094417445dc8f3fc6c1d712e0c1d.png,
fe173702cd32bf16cf5dd229793c76939110ff62.png,
fe18bd0a7f8a0e46781c20e007b97e271b982858.png,
fe3d99e1e606a5b2416f81677cf04d35735c7ca7.png,
fe44e9fe53927f68a9cccb7e4d05c76cb4dc32cc.png,
fe490334b99d378967cfae3d7c2eb0d967af200b.png,
fe66890c1914221f60e12cc05242f6eb2452d204.png,
fe9df8db4f10e212a794fc490a9be8c2136a1c17.png,
fe9fb7b10c4b461484cc0aaed6d8278ed8bf5970.png,
fea7ee182d72e5ceb69180594e2b37e1da520e9b.png,
fee47957a4fc2115ddb2f88bc2d93e56fdbeb3ed.png,
feec6c1771dd3b071eefc295f92a5540c5b6b392.png,
fef79a813f99d5bdbce49a3bc661b2d456330182.png,
ff271a9407022ad1bc309b549a7f09e07f4ed2ab.png,
ff27eae46788e86779d7d547cebbb5649048e7fe.png,
ff6f1818f48fd5dc1a759d51f9ea1dab0b80ee06.png,
ff72842acde12dbdf50c858cfd56945c10cf870e.png,
ffa69adfb18d030dbb91a40087f09272bd486a84.png,
ffb7dcc7942baab965bb63e16c2fb4ca71b9b4db.png,
